lead_id,true_segment,agent_first_name,metro_tier,years_licensed,deals_last_12m,team_role,has_youtube,yt_subscribers,videos_last_90d,ig_posts_per_month,lead_source,deals_bucket,bio,true_p0,true_p1,true_call_uplift,true_reply_p_tmpl0,true_reply_p_tmpl1,true_reply_p_tmpl2
L61817000000,ambiguous_team_member,Nina,tier1,1,16,team_member,False,0,0,10,cold_list,high,"Based in a major metro, Nina has 1 years of experience. Closed 16 deals in the last 12 months. Posts on Instagram regularly. Added from an outreach list.",0.04182947282660979,0.16893861792552614,0.12710914509891635,0.045597515022962845,0.13009844562490952,0.07506252884892246
L61817000001,do_not_disturb_media_team,Fatima,tier2,10,25,team_lead,True,23333,9,28,cold_list,high,"Based in a mid-size metro, Fatima has 10 years of experience. Keeps up an active social media presence. Added from an outreach list.",0.12427146780531757,0.0401493307712929,-0.08412213703402467,0.09672724746379949,0.03871135134927667,0.13765636074806784
L61817000002,ambiguous_team_member,Priya,tier3,22,8,team_member,False,0,0,4,webinar,mid,Priya is a licensed agent with 22 years in the business.,0.06641566411989602,0.2496629705396751,0.18324730641977907,0.13873411804032415,0.07898001914542213,0.07272990412883384
L61817000003,lost_cause_parttime,Nina,tier2,18,1,solo,False,0,0,1,cold_list,low,Nina is a licensed agent in a mid-size metro with 18 years in the business. Closed 1 deals in the last 12 months. Sourced from a purchased contact list.,0.030268283242471605,0.04625342264150725,0.015985139399035647,0.12001329608945419,0.06486572113762654,0.07741102323262
L61817000004,sure_thing_inbound,Sofia,tier2,8,5,team_member,False,0,0,5,inbound_form,mid,"Sofia has been licensed for 8 years, working in a mid-size metro. Closed 5 deals in the last 12 months. Recently asked about getting started with video for listings. Posts on Instagram regularly. Reached out directly through our website.",0.36067985001777225,0.3727062418662674,0.012026391848495133,0.11743379589433943,0.08452311520060063,0.09788789947408635
L61817000005,lost_cause_parttime,Daniel,tier1,23,3,solo,False,0,0,2,cold_list,low,Daniel is a licensed agent with 23 years in the business.,0.010724840661978255,0.005,-0.0057248406619782545,0.10654461076096092,0.09621134093448391,0.08380309945330211
L61817000006,ambiguous_team_member,Yolanda,tier2,20,12,team_member,False,0,0,4,webinar,mid,Yolanda is a licensed agent in a mid-size metro with 20 years in the business. Closed 12 deals in the last 12 months. Recently asked about getting started with video for listings.,0.04924480077717844,0.17013980628624736,0.12089500550906893,0.08939625650028614,0.0717823226666932,0.09728548902146629
L61817000007,sure_thing_inbound,Chen,tier2,15,9,solo,True,32,1,8,inbound_form,mid,"Chen has been licensed for 15 years, working in a mid-size metro. Reached out directly through our website.",0.3319439677523766,0.3557706981196579,0.02382673036728128,0.1163487604374517,0.07800728283914862,0.0833306438353936
L61817000008,lost_cause_parttime,Daniel,tier1,21,1,solo,False,0,0,3,cold_list,low,"Daniel has been licensed for 21 years, working in a major metro. Closed 1 deals in the last 12 months.",0.024854967109597594,0.04396949547128455,0.019114528361686957,0.10988670034367638,0.060368368029668905,0.0748640766346127
L61817000009,persuadable_growth,Emily,tier3,15,11,solo,False,0,0,7,webinar,mid,Emily is a licensed agent with 15 years in the business.,0.030352909859920237,0.13524691932167895,0.10489400946175872,0.0989572061976378,0.08747439447834482,0.11463118788754095
L61817000010,hidden_gem_sparse_bio,Linda,tier3,13,14,team_member,False,0,0,10,cold_list,mid,"Linda has been licensed for 13 years, working in a smaller market. Closed 14 deals in the last 12 months.",0.030266898444129137,0.23670702603995492,0.20644012759582578,0.12330568674333266,0.10380504014376757,0.0631066514983823
L61817000011,ambiguous_team_member,Yolanda,tier3,14,14,team_member,False,0,0,9,webinar,mid,Yolanda is a licensed agent in a smaller market with 14 years in the business. Has some in-house support for producing video content.,0.030598043033039687,0.11531968038141843,0.08472163734837874,0.10302611934998236,0.10949861753085309,0.056636267546065454
L61817000012,lost_cause_parttime,Brian,tier2,13,0,solo,False,0,0,2,cold_list,low,"Based in a mid-size metro, Brian has 13 years of experience. Added from an outreach list.",0.01697955033281352,0.005,-0.011979550332813518,0.08764396365609084,0.06251295086374886,0.08559173008963858
L61817000013,persuadable_growth,Andre,tier3,16,5,team_member,False,0,0,10,webinar,mid,"Andre has been licensed for 16 years, working in a smaller market. Closed 5 deals in the last 12 months. Signed up after a webinar.",0.0377936542294821,0.19039637406008292,0.1526027198306008,0.13861329355375274,0.09235333111910383,0.07246348378162812
L61817000014,persuadable_growth,Emily,tier2,17,8,solo,False,0,0,13,cold_list,mid,"Based in a mid-size metro, Emily has 17 years of experience.",0.028573914631285797,0.2711579919765953,0.24258407734530948,0.1006994055858192,0.0896443276743428,0.033447128890246834
L61817000015,lost_cause_parttime,Emily,tier1,23,3,solo,False,0,0,3,cold_list,low,Realtor based in a major metro.,0.018321982064275624,0.005,-0.013321982064275623,0.11118023301877603,0.08598979629699892,0.09536675016122767
L61817000016,lost_cause_parttime,Emily,tier3,15,1,solo,False,0,0,2,cold_list,low,"Emily has been licensed for 15 years, working in a smaller market. Closed 1 deals in the last 12 months.",0.027903781963616894,0.08838468373536273,0.06048090177174584,0.06786528305473087,0.06799856953716013,0.030260086480847284
L61817000017,lost_cause_parttime,David,tier3,1,1,solo,False,0,0,2,cold_list,low,"Based in a smaller market, David has 1 years of experience. Closed 1 deals in the last 12 months. Sourced from a purchased contact list. Mentioned wanting to take things to the next level this year.",0.02088887334637697,0.038852583329390795,0.017963709983013824,0.11450668090564114,0.06198464597767052,0.08672289949719975
L61817000018,ambiguous_team_member,Linda,tier1,20,9,team_member,False,0,0,8,webinar,mid,"Linda has been licensed for 20 years, working in a major metro. Closed 9 deals in the last 12 months. Recently asked about getting started with video for listings.",0.03425753833728031,0.09694437504613329,0.06268683670885297,0.10513132488483327,0.09614486358857846,0.0939785624351702
L61817000019,persuadable_growth,Tom,tier2,10,9,team_member,False,0,0,17,cold_list,mid,"Tom has been licensed for 10 years, working in a mid-size metro. Mentioned wanting help building out a YouTube presence. Sourced from a purchased contact list.",0.025707359904087873,0.13973998490133666,0.11403262499724878,0.10541373463541648,0.09415337988612496,0.08100902346683637
L61817000020,sure_thing_inbound,Andre,tier2,10,6,solo,True,470,1,3,inbound_form,mid,Andre is a licensed agent in a mid-size metro with 10 years in the business. Closed 6 deals in the last 12 months.,0.37641742300438646,0.3723750718627768,-0.004042351141609668,0.12637456211756248,0.0978604340354633,0.06982531578666516
L61817000021,ambiguous_team_member,Wei,tier2,25,14,team_member,False,0,0,3,cold_list,mid,Wei is a licensed agent in a mid-size metro with 25 years in the business. Closed 14 deals in the last 12 months.,0.05141434675153552,0.12225615474570178,0.07084180799416626,0.09668150151571615,0.07793217247796148,0.07238081472992718
L61817000022,do_not_disturb_media_team,Tom,tier3,3,39,team_lead,True,5732,24,21,webinar,high,"Tom has been licensed for 3 years, working in a smaller market. Closed 39 deals in the last 12 months. Posts on Instagram regularly.",0.10589977093810737,0.13381252739761523,0.02791275645950786,0.05517214708845363,0.06972389983946735,0.14275371932192288
L61817000023,lost_cause_parttime,Fatima,tier3,3,1,solo,False,0,0,3,cold_list,low,Fatima is a licensed agent in a smaller market with 3 years in the business. Closed 1 deals in the last 12 months. Sourced from a purchased contact list.,0.014158436767443244,0.16841714957374887,0.15425871280630563,0.11935035267508541,0.07996023372946696,0.06536711557057358
L61817000024,hidden_gem_sparse_bio,Andre,tier2,20,12,solo,False,0,0,5,webinar,mid,Andre is a realtor in a mid-size metro.,0.036664259268186665,0.17352115540303858,0.1368568961348519,0.08036213212496363,0.10180162887605197,0.07014723795784865
L61817000025,sure_thing_inbound,Kevin,tier3,1,8,team_member,False,0,0,5,inbound_form,mid,"Based in a smaller market, Kevin has 1 years of experience. Closed 8 deals in the last 12 months. Has been thinking about trying short-form video content.",0.2966772652275562,0.2604710028421919,-0.03620626238536434,0.1398152715255311,0.09877671736226193,0.07933219001236771
L61817000026,ambiguous_team_member,David,tier3,9,15,team_member,False,0,0,8,cold_list,high,"Based in a smaller market, David has 9 years of experience. Sourced from a purchased contact list.",0.05698691685797747,0.13406760701339834,0.07708069015542088,0.10922324965317019,0.07742857920954443,0.0873053646705941
L61817000027,persuadable_growth,Yolanda,tier3,4,13,solo,False,0,0,14,webinar,mid,"Yolanda has been licensed for 4 years, working in a smaller market. Closed 13 deals in the last 12 months. Signed up after a webinar.",0.026993254344961314,0.1820198660194487,0.1550266116744874,0.13006617380218508,0.10133063755523088,0.06825370593282651
L61817000028,lost_cause_parttime,Linda,tier2,9,0,solo,False,0,0,0,cold_list,low,"Linda has been licensed for 9 years, working in a mid-size metro. Closed 0 deals in the last 12 months.",0.023247103041963462,0.03529020721145786,0.0120431041694944,0.09453695799034484,0.07318685926341142,0.11296160133438359
L61817000029,ambiguous_team_member,Brian,tier1,10,15,team_member,False,0,0,11,webinar,high,"Brian has been licensed for 10 years, working in a major metro. Closed 15 deals in the last 12 months. Posts on Instagram regularly.",0.045917306941878525,0.12902216017810617,0.08310485323622764,0.11673646333284801,0.10832768616036821,0.06271941722179168
L61817000030,persuadable_growth,Wei,tier2,24,13,team_member,False,0,0,17,cold_list,mid,Wei is a licensed agent in a mid-size metro with 24 years in the business. Closed 13 deals in the last 12 months. Sourced from a purchased contact list.,0.04304463975249462,0.14568844927513236,0.10264380952263774,0.08883187144935338,0.12542648070220838,0.06056258728223351
L61817000031,lost_cause_parttime,Brian,tier2,10,0,solo,False,0,0,1,cold_list,low,"Brian has been licensed for 10 years, working in a mid-size metro. Closed 0 deals in the last 12 months. Has been thinking about trying short-form video content. Added from an outreach list.",0.02319123757170013,0.054293109186036415,0.031101871614336283,0.09750494907749603,0.10798805253558322,0.07156633472086435
L61817000032,do_not_disturb_media_team,Carlos,tier3,21,17,team_lead,True,15922,21,12,webinar,high,"Carlos has been licensed for 21 years, working in a smaller market. Closed 17 deals in the last 12 months. The team already runs a YouTube channel with a dedicated media hire. Keeps up an active social media presence.",0.11251272770501937,0.03670398679452293,-0.07580874091049644,0.11227936602079219,0.07902185547851626,0.13721717533511177
L61817000033,do_not_disturb_media_team,Brian,tier1,12,31,team_lead,True,6693,24,10,cold_list,high,Brian is a licensed agent in a major metro with 12 years in the business. Closed 31 deals in the last 12 months. Posts on Instagram regularly. Sourced from a purchased contact list.,0.10609981968774485,0.05527528499923094,-0.0508245346885139,0.12146212996028125,0.08811974763320307,0.1718645184160534
L61817000034,lost_cause_parttime,Robert,tier2,11,0,solo,False,0,0,1,cold_list,low,"Based in a mid-size metro, Robert has 11 years of experience.",0.012816288961659978,0.07003428202409119,0.057217993062431215,0.07160505551533443,0.07441248124109966,0.07388469170007639
L61817000035,persuadable_growth,Robert,tier3,21,12,team_member,False,0,0,8,cold_list,mid,"Robert has been licensed for 21 years, working in a smaller market. Closed 12 deals in the last 12 months.",0.021029438986590484,0.12854336134073358,0.10751392235414309,0.0668622271074992,0.13306023447951543,0.05278879735235121
L61817000036,ambiguous_team_member,Linda,tier3,22,16,team_member,False,0,0,10,webinar,high,Linda is a licensed agent in a smaller market with 22 years in the business. Closed 16 deals in the last 12 months. Shares listings and updates on social media often. Attended one of our marketing webinars.,0.04740018606259761,0.10903212967221954,0.061631943609621924,0.04997028869756313,0.11874405721757621,0.08859774489459964
L61817000037,sure_thing_inbound,Wei,tier2,22,14,team_member,True,12,1,8,inbound_form,mid,Realtor based in a mid-size metro.,0.3294814972909806,0.3241074249099195,-0.005374072381061079,0.12417332885737462,0.09211713569306604,0.08167974323217109
L61817000038,hidden_gem_sparse_bio,Sofia,tier2,5,8,team_member,False,0,0,11,webinar,mid,Sofia is a realtor in a mid-size metro.,0.013670403971539357,0.20754996080651134,0.193879556834972,0.0883022958676856,0.08305743198129839,0.08068255457380095
L61817000039,ambiguous_team_member,Chen,tier2,4,8,team_member,False,0,0,10,cold_list,mid,Chen is a licensed agent in a mid-size metro with 4 years in the business. Has some in-house support for producing video content. Added from an outreach list.,0.06042478245258772,0.1666041790053967,0.10617939655280897,0.108137183275448,0.03478570755643528,0.1032469265775823
L61817000040,ambiguous_team_member,Priya,tier1,23,11,team_member,False,0,0,11,cold_list,mid,"Based in a major metro, Priya has 23 years of experience. Keeps up an active social media presence. Added from an outreach list.",0.039768544009240334,0.005,-0.034768544009240336,0.06814980083142635,0.08813754814094653,0.10255518372609924
L61817000041,ambiguous_team_member,David,tier1,5,4,team_member,False,0,0,5,cold_list,low,David is a licensed agent in a major metro with 5 years in the business. Closed 4 deals in the last 12 months. The team already runs a YouTube channel with a dedicated media hire.,0.04040059466226367,0.042650591120281245,0.0022499964580175724,0.1198645818013094,0.03315792079910115,0.0979243230409266
L61817000042,hidden_gem_sparse_bio,Robert,tier2,4,19,team_member,False,0,0,14,cold_list,high,"Robert has been licensed for 4 years, working in a mid-size metro. Closed 19 deals in the last 12 months. Keeps up an active social media presence. Added from an outreach list.",0.03167530511572761,0.1602624967596871,0.1285871916439595,0.08444166069922768,0.12578366757309137,0.06946088383252025
L61817000043,hidden_gem_sparse_bio,Nina,tier3,16,17,team_member,False,0,0,4,webinar,high,"Nina has been licensed for 16 years, working in a smaller market.",0.024467793779542463,0.10772990755001204,0.08326211377046958,0.13017950335608675,0.09740207592012881,0.08994193240692769
L61817000044,hidden_gem_sparse_bio,Grace,tier2,22,11,solo,False,0,0,12,cold_list,mid,Realtor based in a mid-size metro.,0.031140792121683983,0.18388470159461562,0.15274390947293165,0.08557560693191499,0.10205089540686613,0.07670715576007696
L61817000045,ambiguous_team_member,Carlos,tier3,12,13,team_member,False,0,0,5,webinar,mid,"Carlos has been licensed for 12 years, working in a smaller market. Closed 13 deals in the last 12 months. Works with an in-house videographer on a regular posting schedule.",0.050432870544318664,0.14641287639344566,0.095980005849127,0.14830926709612788,0.09470155369161576,0.1280706960995151
L61817000046,do_not_disturb_media_team,Aisha,tier1,6,16,team_lead,True,13224,23,25,cold_list,high,Aisha is a licensed agent in a major metro with 6 years in the business. Closed 16 deals in the last 12 months. Posts on Instagram regularly.,0.11315708724626518,0.07066527304850435,-0.042491814197760824,0.055827013664755676,0.08432843274218688,0.13085682905575963
L61817000047,persuadable_growth,Marcus,tier1,9,8,team_member,False,0,0,12,webinar,mid,"Based in a major metro, Marcus has 9 years of experience. Keeps up an active social media presence. Signed up after a webinar.",0.02460824422502396,0.14270234103639043,0.11809409681136647,0.08009232584812187,0.08301526062126346,0.06167016109221507
L61817000048,do_not_disturb_media_team,Linda,tier3,20,20,team_lead,True,6233,29,16,cold_list,high,"Linda has been licensed for 20 years, working in a smaller market. Has some in-house support for producing video content.",0.06955919809545884,0.005,-0.06455919809545883,0.12781895921299455,0.07302760714291445,0.11491292946040323
L61817000049,sure_thing_inbound,Grace,tier3,10,9,solo,False,0,0,2,inbound_form,mid,"Grace has been licensed for 10 years, working in a smaller market.",0.2941265812074193,0.31618177219307814,0.022055190985658835,0.1477495163182776,0.06125889752344242,0.04594244356316049
L61817000050,lost_cause_parttime,Priya,tier2,16,2,solo,False,0,0,0,cold_list,low,Priya is a licensed agent in a mid-size metro with 16 years in the business. Sourced from a purchased contact list.,0.02028264838788284,0.036540108436391563,0.016257460048508723,0.08066969401244885,0.08276202831039167,0.0906350911427821
L61817000051,hidden_gem_sparse_bio,Linda,tier1,9,18,team_member,False,0,0,8,webinar,high,"Based in a major metro, Linda has 9 years of experience. Closed 18 deals in the last 12 months. Posts on Instagram regularly.",0.03698801088176098,0.23235231342439477,0.1953643025426338,0.11236596593475477,0.1420596783916177,0.04919768726285424
L61817000052,persuadable_growth,Priya,tier3,14,6,solo,False,0,0,13,cold_list,mid,"Priya has been licensed for 14 years, working in a smaller market. Closed 6 deals in the last 12 months. Sourced from a purchased contact list.",0.03544030367021634,0.14543766672895383,0.1099973630587375,0.10151653430906321,0.0970555027398457,0.07166578031012226
L61817000053,do_not_disturb_media_team,Yolanda,tier3,6,23,team_lead,True,29410,16,20,cold_list,high,Yolanda is a licensed agent in a smaller market with 6 years in the business. Closed 23 deals in the last 12 months. Keeps up an active social media presence. Added from an outreach list.,0.08498513757432628,0.005,-0.07998513757432628,0.08036542384287562,0.08634900318157519,0.13968430594488396
L61817000054,ambiguous_team_member,Emily,tier2,5,7,team_member,False,0,0,2,cold_list,mid,"Based in a mid-size metro, Emily has 5 years of experience. Closed 7 deals in the last 12 months. Sourced from a purchased contact list.",0.04133649528200374,0.13832038069822616,0.09698388541622242,0.11375647510900702,0.083895094998248,0.04170328025912152
L61817000055,lost_cause_parttime,Wei,tier1,19,1,solo,False,0,0,1,cold_list,low,"Wei has been licensed for 19 years, working in a major metro. Closed 1 deals in the last 12 months. Sourced from a purchased contact list. Says they want to grow the business this year.",0.012868918896757474,0.025586423713252454,0.01271750481649498,0.15766166462670334,0.0974614578203502,0.10789498251318853
L61817000056,do_not_disturb_media_team,Fatima,tier3,4,23,team_lead,True,7214,22,22,cold_list,high,"Fatima has been licensed for 4 years, working in a smaller market. Closed 23 deals in the last 12 months. Posts on Instagram regularly.",0.10012460082188715,0.12743382884870058,0.02730922802681343,0.1267122869145621,0.1036412182873359,0.10938694155707165
L61817000057,persuadable_growth,Julia,tier2,16,12,solo,False,0,0,6,webinar,mid,Julia is a licensed agent with 16 years in the business.,0.026563334052856605,0.15717935551192097,0.13061602145906437,0.09253870557897845,0.12332804771689887,0.024316775648235554
L61817000058,persuadable_growth,Aisha,tier3,15,5,solo,False,0,0,16,webinar,mid,Realtor based in a smaller market.,0.03042346625353063,0.21834073605296045,0.18791726979942983,0.08893178605652467,0.09618524512702277,0.060711802349188076
L61817000059,ambiguous_team_member,James,tier2,1,7,team_member,False,0,0,3,cold_list,mid,"Based in a mid-size metro, James has 1 years of experience. Closed 7 deals in the last 12 months. Added from an outreach list.",0.044086592107845206,0.1821802694387776,0.1380936773309324,0.11783981359602719,0.06094660008131704,0.07192392990829884
L61817000060,lost_cause_parttime,Grace,tier3,23,1,solo,False,0,0,0,webinar,low,"Based in a smaller market, Grace has 23 years of experience. Closed 1 deals in the last 12 months. Says they want to grow the business this year.",0.015674458546506825,0.005,-0.010674458546506824,0.1233437517525519,0.09333105479259901,0.10150016502560674
L61817000061,persuadable_growth,Michael,tier3,25,12,solo,False,0,0,6,cold_list,mid,Michael is a licensed agent with 25 years in the business.,0.020334584383037653,0.1896747728480057,0.16934018846496807,0.09942795620778291,0.1092282573410642,0.05410525998106041
L61817000062,lost_cause_parttime,Carlos,tier1,2,0,solo,False,0,0,1,cold_list,low,Carlos is a licensed agent in a major metro with 2 years in the business. Closed 0 deals in the last 12 months.,0.020896740788356974,0.09212594147316393,0.07122920068480695,0.06477602131838589,0.06874461325489556,0.09698307549301087
L61817000063,ambiguous_team_member,Carlos,tier1,22,6,team_member,False,0,0,8,webinar,mid,"Carlos has been licensed for 22 years, working in a major metro. Closed 6 deals in the last 12 months. Shares listings and updates on social media often. Attended one of our marketing webinars.",0.05239738641883721,0.08256306827404564,0.030165681855208425,0.09622877665194546,0.08463807176107066,0.05289670303466604
L61817000064,ambiguous_team_member,Brian,tier3,25,10,team_member,False,0,0,5,cold_list,mid,"Based in a smaller market, Brian has 25 years of experience. Closed 10 deals in the last 12 months. Recently asked about getting started with video for listings. The team already runs a YouTube channel with a dedicated media hire.",0.0460845802661051,0.11542725345220223,0.06934267318609713,0.12216075936369648,0.07954982209772753,0.09224259424211537
L61817000065,lost_cause_parttime,Priya,tier3,9,3,solo,False,0,0,2,cold_list,low,Priya is a licensed agent in a smaller market with 9 years in the business. Closed 3 deals in the last 12 months.,0.02085262011354097,0.03457412195701836,0.01372150184347739,0.10158123076714924,0.09217930681993157,0.08441308391608227
L61817000066,persuadable_growth,Carlos,tier2,4,5,solo,False,0,0,17,cold_list,mid,Carlos is a realtor in a mid-size metro.,0.0176914753277954,0.20272318328297856,0.18503170795518314,0.08941384520903006,0.06907039852246023,0.04986590107439443
L61817000067,hidden_gem_sparse_bio,Yolanda,tier2,4,14,solo,False,0,0,10,webinar,mid,"Yolanda has been licensed for 4 years, working in a mid-size metro. Closed 14 deals in the last 12 months.",0.04234927754566384,0.11147312421880867,0.06912384667314483,0.06733606166210933,0.1186836815607973,0.08189716124282163
L61817000068,ambiguous_team_member,Grace,tier3,22,17,team_member,False,0,0,4,cold_list,high,Realtor based in a smaller market.,0.08146446537812042,0.02773528940831689,-0.05372917596980353,0.09728878145269503,0.1480892545107727,0.08944290037154072
L61817000069,hidden_gem_sparse_bio,Maria,tier1,12,19,team_member,False,0,0,5,cold_list,high,"Maria has been licensed for 12 years, working in a major metro. Closed 19 deals in the last 12 months. Added from an outreach list.",0.02026206790545889,0.19968778286878777,0.17942571496332888,0.08808236531617947,0.15471783869014624,0.08379809912629241
L61817000070,ambiguous_team_member,Michael,tier2,22,16,team_member,False,0,0,3,cold_list,high,"Based in a mid-size metro, Michael has 22 years of experience. Closed 16 deals in the last 12 months. Works with an in-house videographer on a regular posting schedule. Added from an outreach list.",0.06300993013961195,0.1993089504228404,0.13629902028322843,0.09525638861428126,0.08526278726749092,0.06910814246424116
L61817000071,persuadable_growth,Aisha,tier2,13,14,team_member,False,0,0,9,cold_list,mid,Realtor based in a mid-size metro.,0.033763081346854115,0.22882157942092696,0.19505849807407283,0.1078408533747234,0.0833451721060079,0.045619494889758555
L61817000072,hidden_gem_sparse_bio,Wei,tier3,15,13,team_member,False,0,0,14,cold_list,mid,"Wei has been licensed for 15 years, working in a smaller market. Closed 13 deals in the last 12 months. Added from an outreach list.",0.034634000323434395,0.1502304148369771,0.11559641451354272,0.1014035945638023,0.07168978957454522,0.0502024891850547
L61817000073,hidden_gem_sparse_bio,Daniel,tier3,5,10,team_member,False,0,0,16,cold_list,mid,Daniel is a licensed agent with 5 years in the business.,0.02819607863178567,0.18394670078564068,0.15575062215385502,0.11466923250643707,0.12020759177042929,0.10973811825352232
L61817000074,ambiguous_team_member,James,tier3,12,14,team_member,False,0,0,9,cold_list,mid,James is a licensed agent in a smaller market with 12 years in the business. Closed 14 deals in the last 12 months.,0.04093517856883591,0.03998068538768153,-0.0009544931811543839,0.07776076305630106,0.10762444863833084,0.08288433467711873
L61817000075,do_not_disturb_media_team,Linda,tier3,8,25,team_lead,True,3765,13,25,cold_list,high,Linda is a licensed agent with 8 years in the business.,0.09564294172168286,0.1244832064238493,0.02884026470216644,0.11031880050573824,0.07475207879434327,0.151658905487508
L61817000076,lost_cause_parttime,James,tier2,6,0,solo,False,0,0,3,cold_list,low,"Based in a mid-size metro, James has 6 years of experience. Closed 0 deals in the last 12 months. Sourced from a purchased contact list. Says they want to grow the business this year.",0.021287416924366632,0.019833652332712497,-0.0014537645916541352,0.09004694034330232,0.07324540334142358,0.058692318591203274
L61817000077,do_not_disturb_media_team,Brian,tier2,5,29,team_lead,True,9086,12,22,cold_list,high,"Based in a mid-size metro, Brian has 5 years of experience. Closed 29 deals in the last 12 months. Posts on Instagram regularly.",0.08788328190671069,0.04678965201512056,-0.04109362989159013,0.12077780599437156,0.07100123914412773,0.14211925292245386
L61817000078,persuadable_growth,Marcus,tier2,25,10,solo,False,0,0,6,cold_list,mid,"Marcus has been licensed for 25 years, working in a mid-size metro. Closed 10 deals in the last 12 months. Recently asked about getting started with video for listings. Shares listings and updates on social media often.",0.02397533157223459,0.20301905188254146,0.17904372031030688,0.10385541400593876,0.06887198507090812,0.0864536005645819
L61817000079,persuadable_growth,Linda,tier1,12,7,solo,False,0,0,16,webinar,mid,"Based in a major metro, Linda has 12 years of experience. Closed 7 deals in the last 12 months. Shares listings and updates on social media often. Signed up after a webinar.",0.0381358029056708,0.10215882492957619,0.06402302202390539,0.09402372367336982,0.08166801683186063,0.0739776867098464
L61817000080,ambiguous_team_member,Yolanda,tier3,24,15,team_member,False,0,0,7,cold_list,high,"Based in a smaller market, Yolanda has 24 years of experience. Closed 15 deals in the last 12 months. Keeps up an active social media presence.",0.05358917363209733,0.13879515995488295,0.08520598632278562,0.08448882734365452,0.1301407625396047,0.06667763525016634
L61817000081,lost_cause_parttime,Michael,tier1,22,0,solo,False,0,0,3,cold_list,low,"Based in a major metro, Michael has 22 years of experience. Closed 0 deals in the last 12 months.",0.013596050009861332,0.023423943900081942,0.00982789389022061,0.09415850856633605,0.07337901639028455,0.09023782746574491
L61817000082,lost_cause_parttime,Carlos,tier2,3,3,solo,False,0,0,0,cold_list,low,"Based in a mid-size metro, Carlos has 3 years of experience. Added from an outreach list.",0.01931573110187831,0.014133209980407842,-0.005182521121470468,0.07788189193945472,0.06270497371202448,0.04708801247416572
L61817000083,hidden_gem_sparse_bio,Nina,tier3,13,18,solo,False,0,0,13,cold_list,high,"Nina has been licensed for 13 years, working in a smaller market. Closed 18 deals in the last 12 months. Keeps up an active social media presence. Added from an outreach list.",0.02103332694929083,0.10981480134391722,0.08878147439462639,0.0807514918844691,0.11650491556648537,0.09910159773721168
L61817000084,persuadable_growth,Fatima,tier2,2,17,team_member,False,0,0,15,cold_list,high,"Based in a mid-size metro, Fatima has 2 years of experience. Closed 17 deals in the last 12 months. Shares listings and updates on social media often.",0.03156808035764998,0.1390472449759554,0.10747916461830541,0.10004171653141407,0.09094656271829292,0.0930996136223604
L61817000085,ambiguous_team_member,Chen,tier1,24,15,team_member,False,0,0,3,webinar,high,"Based in a major metro, Chen has 24 years of experience.",0.044304181035025834,0.11095719663877782,0.06665301560375197,0.10493021125820161,0.09804680490943508,0.08713691736855714
L61817000086,sure_thing_inbound,David,tier2,4,11,team_member,False,0,0,4,inbound_form,mid,"David has been licensed for 4 years, working in a mid-size metro. Closed 11 deals in the last 12 months. Mentioned wanting help building out a YouTube presence. Filled out our contact form.",0.37352580905804605,0.46500795688223273,0.09148214782418668,0.13465920377582946,0.09469401484722173,0.0814215457570028
L61817000087,lost_cause_parttime,Fatima,tier1,10,2,solo,False,0,0,1,cold_list,low,Fatima is a licensed agent in a major metro with 10 years in the business. Closed 2 deals in the last 12 months.,0.01808141369580401,0.025661696017428664,0.007580282321624655,0.10965869887349346,0.09073273111314113,0.09825480128797702
L61817000088,persuadable_growth,Fatima,tier3,4,11,team_member,False,0,0,10,cold_list,mid,"Based in a smaller market, Fatima has 4 years of experience. Closed 11 deals in the last 12 months. Sourced from a purchased contact list.",0.02336513179723283,0.1930019707194431,0.1696368389222103,0.09229896239226953,0.0900619426663318,0.09237887000341677
L61817000089,persuadable_growth,Tom,tier3,8,8,solo,False,0,0,13,webinar,mid,"Tom has been licensed for 8 years, working in a smaller market. Closed 8 deals in the last 12 months. Attended one of our marketing webinars.",0.03462046877896052,0.15726390610982136,0.12264343733086083,0.08920940955374285,0.06553991248709873,0.04447590247915852
L61817000090,sure_thing_inbound,Emily,tier3,14,4,team_member,True,39,7,6,inbound_form,low,Emily is a licensed agent in a smaller market with 14 years in the business. Keeps up an active social media presence.,0.3371443734852185,0.3575402490412928,0.020395875556074305,0.14678003137122955,0.09213087062904918,0.08064217208803309
L61817000091,persuadable_growth,Kevin,tier1,25,14,team_member,False,0,0,16,cold_list,mid,"Kevin has been licensed for 25 years, working in a major metro. Shares listings and updates on social media often. Sourced from a purchased contact list.",0.02889894378206586,0.06508131571559686,0.036182371933531,0.07287910684564017,0.11325902253922901,0.06117823295846576
L61817000092,do_not_disturb_media_team,Fatima,tier2,10,30,team_lead,True,17281,23,17,webinar,high,Realtor based in a mid-size metro.,0.09265256583980279,0.14046564848058005,0.04781308264077726,0.119615413046277,0.07690467532973812,0.11526659601217126
L61817000093,sure_thing_inbound,James,tier2,17,15,team_member,True,410,2,10,inbound_form,high,James is a realtor in a mid-size metro.,0.24844956588770728,0.274750742151945,0.026301176264237724,0.10340809189796149,0.0760543688790152,0.049425512721117296
L61817000094,do_not_disturb_media_team,Yolanda,tier3,9,28,team_lead,True,6076,27,11,webinar,high,Realtor based in a smaller market.,0.10137770150122287,0.005,-0.09637770150122286,0.08394422961884315,0.06673471936261151,0.1079210247401954
L61817000095,ambiguous_team_member,Kevin,tier3,25,16,team_member,False,0,0,3,cold_list,high,Kevin is a realtor in a smaller market.,0.04892591818861442,0.06816092111154007,0.019235002922925647,0.10697295231891872,0.0947351201051165,0.08243571040244398
L61817000096,persuadable_growth,Tom,tier1,20,13,solo,False,0,0,9,cold_list,mid,Tom is a realtor in a major metro.,0.04227671524025408,0.17708430689581606,0.13480759165556197,0.12128943910216025,0.08072265367009233,0.08555694575584309
L61817000097,persuadable_growth,Emily,tier1,18,7,solo,False,0,0,8,cold_list,mid,"Emily has been licensed for 18 years, working in a major metro. Shares listings and updates on social media often. Sourced from a purchased contact list.",0.027143343947212663,0.16188441233536535,0.1347410683881527,0.12189609445309292,0.04795609919087847,0.0674283089279501
L61817000098,lost_cause_parttime,Kevin,tier2,18,1,solo,False,0,0,0,cold_list,low,Realtor based in a mid-size metro.,0.01897358570973841,0.005,-0.01397358570973841,0.11427140882606136,0.0891258600164912,0.06994989536105502
L61817000099,lost_cause_parttime,Brian,tier3,24,3,solo,False,0,0,0,cold_list,low,Brian is a licensed agent in a smaller market with 24 years in the business. Keeps up an active social media presence.,0.012614402450346056,0.005,-0.007614402450346056,0.10848947479277607,0.07918912147073598,0.08369197662913552
L61817000100,persuadable_growth,Priya,tier1,12,11,team_member,False,0,0,9,webinar,mid,"Based in a major metro, Priya has 12 years of experience. Shares listings and updates on social media often.",0.024353006442683216,0.10272903555545573,0.07837602911277251,0.13482149250312475,0.10338684777441955,0.06627342597891332
L61817000101,persuadable_growth,Brian,tier1,5,6,team_member,False,0,0,17,webinar,mid,Realtor based in a major metro.,0.026473128221142263,0.2064974957238537,0.18002436750271145,0.09057579090136401,0.08768198783848248,0.051616787983256154
L61817000102,sure_thing_inbound,Kevin,tier2,14,14,team_member,True,305,3,7,inbound_form,mid,"Kevin has been licensed for 14 years, working in a mid-size metro. Reached out directly through our website.",0.22663547435448184,0.22261411550938423,-0.004021358845097606,0.1539727998027337,0.11115702028844349,0.06727042597700347
L61817000103,sure_thing_inbound,Tom,tier2,12,7,solo,True,51,4,2,inbound_form,mid,Tom is a realtor in a mid-size metro.,0.25501325871442976,0.2761346497609583,0.021121391046528548,0.14707121674117735,0.06916724895747087,0.056824109069515585
L61817000104,persuadable_growth,Sofia,tier3,5,16,solo,False,0,0,15,cold_list,high,"Sofia has been licensed for 5 years, working in a smaller market. Closed 16 deals in the last 12 months.",0.02373163174748867,0.21303423327832927,0.1893026015308406,0.093117726153159,0.09189737252689857,0.07844036339327386
L61817000105,lost_cause_parttime,Grace,tier1,12,3,solo,False,0,0,3,cold_list,low,Grace is a licensed agent in a major metro with 12 years in the business.,0.02425822797655319,0.016729355792219534,-0.007528872184333655,0.0862732128628115,0.08997152983805705,0.06310044246789753
L61817000106,hidden_gem_sparse_bio,Priya,tier1,21,16,solo,False,0,0,7,webinar,high,"Based in a major metro, Priya has 21 years of experience. Closed 16 deals in the last 12 months. Has been thinking about trying short-form video content. Signed up after a webinar.",0.02902078627876721,0.1894503827817165,0.1604295965029493,0.10555658181605322,0.1372618339481384,0.11415052703455938
L61817000107,lost_cause_parttime,James,tier1,2,0,solo,False,0,0,1,cold_list,low,James is a licensed agent in a major metro with 2 years in the business. Closed 0 deals in the last 12 months. Says they want to grow the business this year.,0.020014933103674037,0.0566500567970188,0.03663512369334476,0.10523932774353184,0.06590059084668168,0.09476282232179047
L61817000108,hidden_gem_sparse_bio,Carlos,tier2,18,11,team_member,False,0,0,10,cold_list,mid,"Carlos has been licensed for 18 years, working in a mid-size metro. Closed 11 deals in the last 12 months. Keeps up an active social media presence. Sourced from a purchased contact list.",0.030768498312482295,0.11553117595639785,0.08476267764391555,0.12996251364509168,0.06785925500833925,0.04311559200559825
L61817000109,ambiguous_team_member,Andre,tier3,17,10,team_member,False,0,0,6,webinar,mid,Andre is a realtor in a smaller market.,0.06624452644576118,0.09857134556731352,0.032326819121552344,0.11938822029286757,0.10665335866587967,0.06820857849842746
L61817000110,ambiguous_team_member,Robert,tier1,16,11,team_member,False,0,0,11,webinar,mid,Robert is a licensed agent with 16 years in the business.,0.04361249655002713,0.11473150942641067,0.07111901287638353,0.08681006481346448,0.07753953521229486,0.06143381305877916
L61817000111,sure_thing_inbound,Carlos,tier1,8,9,solo,True,203,2,3,inbound_form,mid,Carlos is a licensed agent with 8 years in the business.,0.3807087398240072,0.36330179754609787,-0.017406942277909343,0.1523534573220988,0.08528869495710835,0.09570052057129408
L61817000112,ambiguous_team_member,Tom,tier2,5,3,team_member,False,0,0,2,cold_list,low,Tom is a licensed agent in a mid-size metro with 5 years in the business. Closed 3 deals in the last 12 months.,0.05123747548129575,0.11332643998095196,0.06208896449965621,0.10602979746923728,0.11765512610006258,0.0562226552554692
L61817000113,hidden_gem_sparse_bio,Sofia,tier1,19,15,solo,False,0,0,10,cold_list,high,"Based in a major metro, Sofia has 19 years of experience. Shares listings and updates on social media often. Added from an outreach list.",0.030305137187577085,0.18386947675614632,0.15356433956856924,0.10454633134460938,0.13908530653579515,0.09306349050255103
L61817000114,lost_cause_parttime,Brian,tier2,25,1,solo,False,0,0,2,cold_list,low,Brian is a realtor in a mid-size metro.,0.016426506926201137,0.02114358018507031,0.004717073258869171,0.09694401866859587,0.0788850649155096,0.07122712908406646
L61817000115,hidden_gem_sparse_bio,Wei,tier3,2,13,team_member,False,0,0,8,webinar,mid,"Wei has been licensed for 2 years, working in a smaller market. Closed 13 deals in the last 12 months.",0.032933808344003224,0.18818156769630617,0.15524775935230295,0.10338284351015622,0.13527564081057436,0.10939929827605999
L61817000116,lost_cause_parttime,Daniel,tier2,22,1,solo,False,0,0,2,cold_list,low,"Daniel has been licensed for 22 years, working in a mid-size metro. Sourced from a purchased contact list.",0.02746649265775556,0.038542586301472774,0.011076093643717214,0.11427238198515817,0.13040239663798242,0.09997757515134918
L61817000117,hidden_gem_sparse_bio,Michael,tier3,20,11,team_member,False,0,0,5,cold_list,mid,"Michael has been licensed for 20 years, working in a smaller market.",0.021447819271582336,0.16503429273913284,0.1435864734675505,0.07751589515590637,0.11040187970232322,0.05142448139419729
L61817000118,hidden_gem_sparse_bio,Maria,tier3,6,19,solo,False,0,0,4,cold_list,high,Maria is a realtor in a smaller market.,0.0475584781032553,0.23727860517316857,0.18972012706991326,0.1123282362017824,0.1457126663836698,0.08083216644082532
L61817000119,lost_cause_parttime,Aisha,tier2,22,1,solo,False,0,0,2,cold_list,low,Realtor based in a mid-size metro.,0.017223434551603942,0.005,-0.012223434551603941,0.13362845274551244,0.0515626644011668,0.10487031188832067
L61817000120,ambiguous_team_member,Nina,tier2,16,17,team_member,False,0,0,2,webinar,high,"Nina has been licensed for 16 years, working in a mid-size metro. Closed 17 deals in the last 12 months. Has some in-house support for producing video content.",0.036703718800861714,0.047995502177241356,0.011291783376379642,0.08694608603979179,0.1140178550825496,0.08878960614302313
L61817000121,hidden_gem_sparse_bio,Grace,tier2,17,13,team_member,False,0,0,11,cold_list,mid,Grace is a licensed agent in a mid-size metro with 17 years in the business. Closed 13 deals in the last 12 months. Keeps up an active social media presence. Added from an outreach list.,0.030114040380768096,0.19678376349099905,0.16666972311023096,0.09302291885635502,0.13285670913840886,0.058036383266226454
L61817000122,ambiguous_team_member,Robert,tier2,9,5,team_member,False,0,0,5,cold_list,mid,"Robert has been licensed for 9 years, working in a mid-size metro. Closed 5 deals in the last 12 months. Added from an outreach list.",0.044707048685999534,0.16474437794035168,0.12003732925435215,0.08098074481549938,0.07377950220345918,0.06028367766491623
L61817000123,do_not_disturb_media_team,Daniel,tier1,10,27,team_lead,True,13624,14,26,webinar,high,Daniel is a licensed agent in a major metro with 10 years in the business. Closed 27 deals in the last 12 months. The team already runs a YouTube channel with a dedicated media hire. Posts on Instagram regularly. Attended one of our marketing webinars.,0.07577956728682736,0.06806082028871666,-0.007718746998110704,0.08031934081609801,0.0648880762391863,0.12573461610695746
L61817000124,do_not_disturb_media_team,Grace,tier1,3,18,team_lead,True,9276,25,26,cold_list,high,Grace is a licensed agent in a major metro with 3 years in the business. Closed 18 deals in the last 12 months. Keeps up an active social media presence. Sourced from a purchased contact list.,0.053928282611994796,0.005,-0.0489282826119948,0.08276890194159466,0.07094465445107599,0.1350306510383716
L61817000125,ambiguous_team_member,Tom,tier1,12,5,team_member,False,0,0,5,cold_list,mid,Realtor based in a major metro.,0.05488440586090791,0.08948832952807943,0.03460392366717152,0.10428719428426335,0.10380454973830995,0.06550090854556481
L61817000126,persuadable_growth,David,tier2,19,19,solo,False,0,0,8,webinar,high,David is a realtor in a mid-size metro.,0.021857789676159985,0.1132543799207757,0.09139659024461572,0.09594399521513887,0.1395372630856728,0.06440841071403204
L61817000127,ambiguous_team_member,Maria,tier1,17,4,team_member,False,0,0,2,cold_list,low,Maria is a licensed agent in a major metro with 17 years in the business.,0.049764638875883054,0.05860724609309923,0.008842607217216178,0.0719106541950029,0.08730086204862689,0.10536892279253145
L61817000128,persuadable_growth,Emily,tier3,25,11,solo,False,0,0,18,webinar,mid,Emily is a realtor in a smaller market.,0.03934519885227734,0.18583183199855033,0.146486633146273,0.07515835085077154,0.09301796525656016,0.07621679781157642
L61817000129,persuadable_growth,Kevin,tier2,9,15,solo,False,0,0,10,cold_list,high,"Based in a mid-size metro, Kevin has 9 years of experience. Has some in-house support for producing video content. Shares listings and updates on social media often. Sourced from a purchased contact list.",0.033223857778149984,0.20504339279749112,0.17181953501934114,0.10967015574765687,0.11133004899578448,0.04726923756970475
L61817000130,persuadable_growth,Maria,tier2,20,8,team_member,False,0,0,18,cold_list,mid,"Maria has been licensed for 20 years, working in a mid-size metro. Closed 8 deals in the last 12 months.",0.04026034598157154,0.20583591664593467,0.16557557066436313,0.09994690005509842,0.11730427306927863,0.07801375316639847
L61817000131,persuadable_growth,Robert,tier3,19,17,solo,False,0,0,18,webinar,high,Robert is a licensed agent with 19 years in the business.,0.02544920012739936,0.1758740389648915,0.15042483883749214,0.07881008999739779,0.09226528210639137,0.09211562845788841
L61817000132,persuadable_growth,Fatima,tier2,8,11,solo,False,0,0,12,cold_list,mid,Fatima is a licensed agent in a mid-size metro with 8 years in the business. Sourced from a purchased contact list.,0.02604419821337622,0.1292321074729818,0.10318790925960558,0.0994137982957458,0.0673455987180086,0.05862074713036965
L61817000133,do_not_disturb_media_team,Julia,tier3,24,33,team_lead,True,7296,16,18,cold_list,high,"Julia has been licensed for 24 years, working in a smaller market. Closed 33 deals in the last 12 months. Has some in-house support for producing video content. Shares listings and updates on social media often. Sourced from a purchased contact list.",0.07717092961409172,0.10412652326470093,0.026955593650609205,0.09344620844268976,0.06038960064224687,0.14074340350154785
L61817000134,persuadable_growth,Yolanda,tier2,8,9,team_member,False,0,0,12,webinar,mid,"Yolanda has been licensed for 8 years, working in a mid-size metro. Closed 9 deals in the last 12 months. Signed up after a webinar.",0.031643825587990865,0.1895180176814491,0.15787419209345824,0.08743410092423541,0.07189367153631024,0.09532540288641411
L61817000135,persuadable_growth,Aisha,tier3,11,9,team_member,False,0,0,11,cold_list,mid,"Aisha has been licensed for 11 years, working in a smaller market. Closed 9 deals in the last 12 months. Added from an outreach list.",0.0420405645585785,0.20438391267208755,0.16234334811350906,0.08832085454094456,0.11690810465254893,0.08090256853450468
L61817000136,persuadable_growth,David,tier3,10,18,solo,False,0,0,16,cold_list,high,"David has been licensed for 10 years, working in a smaller market. Has been thinking about trying short-form video content. Posts on Instagram regularly.",0.0281698567082966,0.14227458437795082,0.11410472766965422,0.11218246184744335,0.07635344468720891,0.08011800950090597
L61817000137,persuadable_growth,Sofia,tier2,9,8,team_member,False,0,0,17,webinar,mid,"Sofia has been licensed for 9 years, working in a mid-size metro. Posts on Instagram regularly.",0.020219606793578114,0.19553560512799187,0.17531599833441375,0.12001154112026394,0.0928939648461519,0.055412207313845885
L61817000138,persuadable_growth,Wei,tier1,16,5,solo,False,0,0,12,webinar,mid,Wei is a licensed agent in a major metro with 16 years in the business. Closed 5 deals in the last 12 months. Posts on Instagram regularly. Attended one of our marketing webinars.,0.03276172968465317,0.2664524333286108,0.2336907036439576,0.11754528861695682,0.10132339877495412,0.05735157294961199
L61817000139,ambiguous_team_member,Nina,tier3,8,17,team_member,False,0,0,6,cold_list,high,Nina is a licensed agent in a smaller market with 8 years in the business. Closed 17 deals in the last 12 months. Works with an in-house videographer on a regular posting schedule. Added from an outreach list.,0.06578747891250007,0.1280682988198254,0.06228081990732533,0.10333249266487449,0.10742430772239187,0.032218859493575634
L61817000140,ambiguous_team_member,Maria,tier3,22,9,team_member,False,0,0,3,webinar,mid,Realtor based in a smaller market.,0.03920330821284312,0.13247611572164894,0.09327280750880582,0.14971314486389398,0.047069515643995405,0.06556840208871001
L61817000141,sure_thing_inbound,Fatima,tier2,9,6,team_member,False,0,0,6,inbound_form,mid,Fatima is a licensed agent in a mid-size metro with 9 years in the business. Has been thinking about trying short-form video content. Filled out our contact form.,0.21368766844433537,0.20224183977370827,-0.0114458286706271,0.16191753695835323,0.07170034347008403,0.09290687010659218
L61817000142,persuadable_growth,Andre,tier3,21,8,solo,False,0,0,16,cold_list,mid,Andre is a licensed agent in a smaller market with 21 years in the business. Sourced from a purchased contact list.,0.030022193312780564,0.17739449903306453,0.14737230572028398,0.13151450069052562,0.08635773223686341,0.09175936942265822
L61817000143,ambiguous_team_member,Nina,tier1,23,13,team_member,False,0,0,8,webinar,mid,Realtor based in a major metro.,0.05592394938839693,0.09154779070317123,0.0356238413147743,0.14755262682828196,0.09721771657077939,0.07653568890929628
L61817000144,persuadable_growth,Linda,tier2,22,16,solo,False,0,0,11,webinar,high,Linda is a licensed agent in a mid-size metro with 22 years in the business. Closed 16 deals in the last 12 months.,0.02856125854795579,0.10928949705475,0.0807282385067942,0.08391551439374378,0.13346505639744563,0.08687743510031966
L61817000145,persuadable_growth,Daniel,tier2,4,8,team_member,False,0,0,14,webinar,mid,Daniel is a licensed agent in a mid-size metro with 4 years in the business. Closed 8 deals in the last 12 months.,0.024257014682681474,0.16956693579031507,0.14530992110763358,0.08806595134629669,0.04813378404611715,0.08271187690789576
L61817000146,persuadable_growth,Tom,tier1,9,16,team_member,False,0,0,8,webinar,high,"Based in a major metro, Tom has 9 years of experience. Attended one of our marketing webinars.",0.029332809234685113,0.1569037241156747,0.12757091488098957,0.09072247050119395,0.11800629222157435,0.044971328065644044
L61817000147,persuadable_growth,Emily,tier2,12,12,solo,False,0,0,11,cold_list,mid,"Emily has been licensed for 12 years, working in a mid-size metro. Has been thinking about trying short-form video content. Shares listings and updates on social media often. Sourced from a purchased contact list.",0.02913999773823203,0.19478050647904868,0.16564050874081665,0.10804691844977045,0.10622489750917301,0.055451948727046424
L61817000148,lost_cause_parttime,Wei,tier3,23,2,solo,False,0,0,2,cold_list,low,"Based in a smaller market, Wei has 23 years of experience. Added from an outreach list.",0.017077844803351776,0.08262336153683086,0.06554551673347908,0.08832232434368521,0.09444089591701031,0.09817818113934271
L61817000149,hidden_gem_sparse_bio,Michael,tier1,2,6,solo,False,0,0,5,webinar,mid,"Michael has been licensed for 2 years, working in a major metro. Closed 6 deals in the last 12 months. Recently asked about getting started with video for listings.",0.02686366125678988,0.18709222333145986,0.16022856207466998,0.08101363522580998,0.09061432878919473,0.08565847255120623
L61817000150,ambiguous_team_member,Carlos,tier1,4,3,team_member,False,0,0,10,cold_list,low,"Based in a major metro, Carlos has 4 years of experience. The team already runs a YouTube channel with a dedicated media hire. Sourced from a purchased contact list.",0.050327706244756326,0.10244299294730055,0.05211528670254423,0.11644178812963307,0.11387968807062684,0.07255067809519758
L61817000151,hidden_gem_sparse_bio,Robert,tier2,19,11,team_member,False,0,0,8,webinar,mid,Robert is a licensed agent in a mid-size metro with 19 years in the business. Closed 11 deals in the last 12 months. Signed up after a webinar.,0.039161357634747755,0.2435860998354939,0.20442474220074613,0.12773574443633892,0.10226821852776168,0.07777502717571723
L61817000152,lost_cause_parttime,David,tier2,21,1,solo,False,0,0,0,cold_list,low,David is a licensed agent with 21 years in the business.,0.016381096753056084,0.005,-0.011381096753056083,0.06555108620353524,0.10818266397856961,0.051655538162633644
L61817000153,persuadable_growth,Brian,tier3,12,9,solo,False,0,0,16,cold_list,mid,Brian is a licensed agent in a smaller market with 12 years in the business. Closed 9 deals in the last 12 months. Keeps up an active social media presence. Sourced from a purchased contact list.,0.027446755500229396,0.09024587283840943,0.06279911733818003,0.08720232997932537,0.07212608527486376,0.08067278255778994
L61817000154,persuadable_growth,Priya,tier3,23,9,solo,False,0,0,11,webinar,mid,"Based in a smaller market, Priya has 23 years of experience. Mentioned wanting help building out a YouTube presence. Attended one of our marketing webinars.",0.026360869451956922,0.15520499594967627,0.12884412649771934,0.06765263200043745,0.06735902364829922,0.10500616391437517
L61817000155,persuadable_growth,Brian,tier1,4,14,team_member,False,0,0,9,cold_list,mid,Brian is a licensed agent in a major metro with 4 years in the business. Closed 14 deals in the last 12 months.,0.02984625125289017,0.15558804256189232,0.12574179130900215,0.08872495751998262,0.10755938140066561,0.09489930330752042
L61817000156,persuadable_growth,Emily,tier3,21,8,solo,False,0,0,18,cold_list,mid,Emily is a realtor in a smaller market.,0.02539075289613852,0.14172110203483027,0.11633034913869175,0.09612043710148625,0.08441745746522396,0.07082022086244599
L61817000157,ambiguous_team_member,David,tier2,17,10,team_member,False,0,0,3,webinar,mid,Realtor based in a mid-size metro.,0.05061321575158195,0.07244482951928075,0.021831613767698793,0.1091947640688637,0.09118590079013864,0.1144957466932363
L61817000158,lost_cause_parttime,David,tier2,12,0,solo,False,0,0,3,cold_list,low,David is a licensed agent in a mid-size metro with 12 years in the business. Closed 0 deals in the last 12 months.,0.022834143649131913,0.09322211049911437,0.07038796684998246,0.12510033670833637,0.08959644399539271,0.08403253931674617
L61817000159,sure_thing_inbound,David,tier3,4,10,team_member,True,53,7,3,inbound_form,mid,David is a licensed agent in a smaller market with 4 years in the business. Closed 10 deals in the last 12 months.,0.3351376704003285,0.4045035580175632,0.06936588761723472,0.1699336315729157,0.11233270843425276,0.04757906351364805
L61817000160,ambiguous_team_member,James,tier2,17,14,team_member,False,0,0,5,webinar,mid,"James has been licensed for 17 years, working in a mid-size metro. Closed 14 deals in the last 12 months.",0.05787444824483506,0.09951374495428231,0.04163929670944725,0.06593844153613512,0.05976404312399219,0.11752867876149932
L61817000161,lost_cause_parttime,James,tier3,15,0,solo,False,0,0,2,cold_list,low,James is a licensed agent in a smaller market with 15 years in the business. Closed 0 deals in the last 12 months. Sourced from a purchased contact list. Says they want to grow the business this year.,0.01897665744533291,0.030893647986165416,0.011916990540832506,0.1065328285125126,0.08921944050104852,0.06632593720849655
L61817000162,ambiguous_team_member,Emily,tier1,6,16,team_member,False,0,0,7,cold_list,high,Emily is a realtor in a major metro.,0.04922095886816749,0.047277299547838166,-0.001943659320329326,0.10119506567575204,0.1296943604915708,0.04882441593997608
L61817000163,lost_cause_parttime,Fatima,tier1,23,1,solo,False,0,0,3,cold_list,low,Fatima is a realtor in a major metro.,0.028839356944772642,0.03437501517405823,0.005535658229285586,0.11476367160043441,0.06263970510187683,0.0796870430323401
L61817000164,persuadable_growth,Nina,tier3,12,5,solo,False,0,0,6,cold_list,mid,Nina is a licensed agent in a smaller market with 12 years in the business. Closed 5 deals in the last 12 months.,0.02814018417241107,0.20507486150902252,0.17693467733661145,0.06979431208117379,0.07329902538995772,0.08964335191534023
L61817000165,persuadable_growth,Grace,tier3,2,6,team_member,False,0,0,13,webinar,mid,"Based in a smaller market, Grace has 2 years of experience. Closed 6 deals in the last 12 months. Keeps up an active social media presence. Signed up after a webinar.",0.0391343509117753,0.16753723856707972,0.12840288765530442,0.09027800453783867,0.10937348864049681,0.08646258972322028
L61817000166,do_not_disturb_media_team,Daniel,tier2,10,37,team_lead,True,19288,15,18,webinar,high,"Based in a mid-size metro, Daniel has 10 years of experience. Closed 37 deals in the last 12 months. Works with an in-house videographer on a regular posting schedule. Shares listings and updates on social media often. Signed up after a webinar.",0.12532753863011806,0.12756492397060898,0.0022373853404909216,0.08699237516223762,0.05174638783293685,0.16524133448486558
L61817000167,hidden_gem_sparse_bio,Julia,tier1,18,17,solo,False,0,0,9,webinar,high,Julia is a licensed agent in a major metro with 18 years in the business.,0.0319736032719091,0.23847097143009685,0.20649736815818776,0.11212530453198379,0.09443773329452812,0.0672862290138061
L61817000168,persuadable_growth,Michael,tier1,24,8,team_member,False,0,0,14,cold_list,mid,"Michael has been licensed for 24 years, working in a major metro. Closed 8 deals in the last 12 months. Keeps up an active social media presence. Sourced from a purchased contact list.",0.030635668606818055,0.19774365207379654,0.1671079834669785,0.08373921452935462,0.05086439754713281,0.08815746835917675
L61817000169,lost_cause_parttime,Daniel,tier2,18,3,solo,False,0,0,2,cold_list,low,"Daniel has been licensed for 18 years, working in a mid-size metro. Closed 3 deals in the last 12 months.",0.017677653216503005,0.0653414809589852,0.0476638277424822,0.08752577356659685,0.10373045064865387,0.06042777191085906
L61817000170,do_not_disturb_media_team,Daniel,tier1,7,36,team_lead,True,6394,29,16,cold_list,high,Daniel is a licensed agent in a major metro with 7 years in the business. Closed 36 deals in the last 12 months. Shares listings and updates on social media often.,0.06028356647751046,0.08830542016095383,0.02802185368344337,0.11573548944029526,0.07283682883604653,0.0779765616481537
L61817000171,sure_thing_inbound,James,tier2,24,9,team_member,True,36,4,13,inbound_form,mid,"James has been licensed for 24 years, working in a mid-size metro. Closed 9 deals in the last 12 months. Mentioned wanting help building out a YouTube presence. The team already runs a YouTube channel with a dedicated media hire. Filled out our contact form.",0.32943212074363065,0.2855580902264491,-0.04387403051718153,0.10386219355162565,0.09795712934618406,0.07715885420133839
L61817000172,hidden_gem_sparse_bio,Wei,tier2,5,17,team_member,False,0,0,14,cold_list,high,"Based in a mid-size metro, Wei has 5 years of experience. Closed 17 deals in the last 12 months. Has been thinking about trying short-form video content.",0.034470920538731104,0.13541091257726767,0.10093999203853657,0.11653164333904406,0.10609383186263528,0.0819056245478652
L61817000173,hidden_gem_sparse_bio,Julia,tier1,16,9,team_member,False,0,0,8,cold_list,mid,Realtor based in a major metro.,0.0419842878795855,0.15975389041462917,0.11776960253504368,0.10481929955754311,0.07457973857972854,0.06021527711808222
L61817000174,persuadable_growth,Michael,tier3,3,17,team_member,False,0,0,15,cold_list,high,"Michael has been licensed for 3 years, working in a smaller market. Closed 17 deals in the last 12 months. The team already runs a YouTube channel with a dedicated media hire. Shares listings and updates on social media often.",0.03144285181277567,0.2350246630949008,0.20358181128212513,0.07824090604885768,0.12426564114989479,0.05220140175248612
L61817000175,hidden_gem_sparse_bio,Robert,tier2,11,15,team_member,False,0,0,17,webinar,high,Realtor based in a mid-size metro.,0.031210218622297833,0.23597438183200606,0.20476416320970822,0.08593574577198237,0.07656701893155175,0.06203054571834461
L61817000176,persuadable_growth,Emily,tier2,2,18,team_member,False,0,0,16,cold_list,high,"Based in a mid-size metro, Emily has 2 years of experience. Closed 18 deals in the last 12 months. Shares listings and updates on social media often. Sourced from a purchased contact list.",0.028770284610246086,0.23177392998883026,0.20300364537858417,0.12227063088527196,0.13928790064249022,0.06883225233754002
L61817000177,sure_thing_inbound,Sofia,tier1,7,3,solo,True,174,5,12,inbound_form,low,"Based in a major metro, Sofia has 7 years of experience. Closed 3 deals in the last 12 months. Shares listings and updates on social media often.",0.3043232920390097,0.3093314856642196,0.005008193625209878,0.12367951735080174,0.07959241436559737,0.08529460854467658
L61817000178,ambiguous_team_member,Tom,tier2,20,5,team_member,False,0,0,4,webinar,mid,"Based in a mid-size metro, Tom has 20 years of experience. Closed 5 deals in the last 12 months. Has some in-house support for producing video content. Posts on Instagram regularly.",0.046636772488408265,0.06818782213848343,0.021551049650075163,0.09433109213828726,0.11420735742541505,0.05806902288780928
L61817000179,sure_thing_inbound,Brian,tier2,13,13,solo,True,400,3,10,inbound_form,mid,"Based in a mid-size metro, Brian has 13 years of experience. Recently asked about getting started with video for listings.",0.33714179151803697,0.39646541174927524,0.05932362023123827,0.14017925995335803,0.061835462805856674,0.08342297135460748
L61817000180,ambiguous_team_member,Aisha,tier2,1,16,team_member,False,0,0,3,cold_list,high,Aisha is a licensed agent in a mid-size metro with 1 years in the business. Closed 16 deals in the last 12 months. Added from an outreach list.,0.04360791349659904,0.14639881403046984,0.1027909005338708,0.13709742185963125,0.06637476403980404,0.048124319452852934
L61817000181,lost_cause_parttime,Linda,tier3,25,0,solo,False,0,0,3,cold_list,low,Linda is a realtor in a smaller market.,0.020973800776981726,0.005,-0.015973800776981725,0.09039814661977802,0.10529210274398894,0.0818437371725025
L61817000182,lost_cause_parttime,Grace,tier1,22,0,solo,False,0,0,1,cold_list,low,Grace is a licensed agent with 22 years in the business.,0.013576676349875005,0.0564737491178315,0.04289707276795649,0.0578406952407176,0.09043325566861946,0.09103763886656618
L61817000183,persuadable_growth,Maria,tier3,19,5,solo,False,0,0,19,webinar,mid,"Maria has been licensed for 19 years, working in a smaller market. Closed 5 deals in the last 12 months.",0.026117418856818234,0.1597995029477276,0.13368208409090937,0.08185253349540109,0.07774884423698022,0.08340807224927839
L61817000184,ambiguous_team_member,Marcus,tier3,22,7,team_member,False,0,0,3,webinar,mid,"Based in a smaller market, Marcus has 22 years of experience. Closed 7 deals in the last 12 months. Signed up after a webinar.",0.04540206965692633,0.005,-0.04040206965692633,0.059552120412506473,0.06676312728104833,0.07309652312966235
L61817000185,sure_thing_inbound,Priya,tier2,25,8,team_member,False,0,0,2,inbound_form,mid,Priya is a licensed agent with 25 years in the business.,0.22799488113525365,0.2727688207579356,0.044773939622681974,0.1388026443987679,0.08042644631321001,0.06143546614287841
L61817000186,lost_cause_parttime,Wei,tier3,9,0,solo,False,0,0,3,cold_list,low,"Wei has been licensed for 9 years, working in a smaller market. Closed 0 deals in the last 12 months. Added from an outreach list.",0.028916840973281406,0.08688865393841873,0.05797181296513732,0.10644605265530048,0.114088764706298,0.05878026649415102
L61817000187,lost_cause_parttime,Marcus,tier3,8,0,solo,False,0,0,0,webinar,low,"Based in a smaller market, Marcus has 8 years of experience. Signed up after a webinar.",0.027267544444768938,0.03995863827761575,0.01269109383284681,0.09730584060267694,0.09853868744370474,0.08796748135984693
L61817000188,persuadable_growth,Maria,tier1,3,7,solo,False,0,0,16,cold_list,mid,"Based in a major metro, Maria has 3 years of experience. Closed 7 deals in the last 12 months. Sourced from a purchased contact list.",0.03215276545256135,0.2066140265537677,0.17446126110120636,0.13357152911804843,0.09606965849795107,0.07200970886630828
L61817000189,lost_cause_parttime,Fatima,tier3,6,0,solo,False,0,0,2,cold_list,low,Fatima is a licensed agent in a smaller market with 6 years in the business. Closed 0 deals in the last 12 months. Works with an in-house videographer on a regular posting schedule.,0.021365688002552643,0.005,-0.016365688002552642,0.11432702769024874,0.09406798543516605,0.030520322068082986
L61817000190,lost_cause_parttime,Sofia,tier1,7,0,solo,False,0,0,1,cold_list,low,"Sofia has been licensed for 7 years, working in a major metro. Closed 0 deals in the last 12 months.",0.01678951448721255,0.09469336507275075,0.0779038505855382,0.12204842692030739,0.07190351873325504,0.018173950350287668
L61817000191,persuadable_growth,Nina,tier2,13,7,solo,False,0,0,12,webinar,mid,Realtor based in a mid-size metro.,0.04023633272194471,0.2257588008352204,0.1855224681132757,0.09315546823673879,0.039113142997791756,0.06457858659429722
L61817000192,persuadable_growth,Yolanda,tier3,25,19,solo,False,0,0,17,cold_list,high,"Based in a smaller market, Yolanda has 25 years of experience. Posts on Instagram regularly. Added from an outreach list.",0.02886930156829183,0.15797020020386388,0.12910089863557206,0.07517271883574364,0.12532538365553242,0.04485465561109644
L61817000193,persuadable_growth,Priya,tier1,23,12,team_member,False,0,0,18,cold_list,mid,"Priya has been licensed for 23 years, working in a major metro. Closed 12 deals in the last 12 months. Keeps up an active social media presence. Added from an outreach list.",0.03552621389666899,0.10609217392615211,0.07056596002948312,0.09835518931761524,0.09033444829322976,0.10382419444163865
L61817000194,lost_cause_parttime,Nina,tier2,14,1,solo,False,0,0,2,webinar,low,"Nina has been licensed for 14 years, working in a mid-size metro. Closed 1 deals in the last 12 months. Attended one of our marketing webinars.",0.019290904999167042,0.06391160229928508,0.04462069730011804,0.10889638554113136,0.11216056274817546,0.08193109444118803
L61817000195,ambiguous_team_member,Daniel,tier3,22,3,team_member,False,0,0,6,cold_list,low,Daniel is a licensed agent in a smaller market with 22 years in the business. Closed 3 deals in the last 12 months.,0.035615015012588555,0.09386894165146868,0.05825392663888013,0.11323243602080654,0.07979960619429949,0.07242330219638177
L61817000196,ambiguous_team_member,Carlos,tier2,4,17,team_member,False,0,0,10,webinar,high,"Based in a mid-size metro, Carlos has 4 years of experience. Closed 17 deals in the last 12 months.",0.047342315225185456,0.13609660427441417,0.08875428904922872,0.09413902999739987,0.1214467012024941,0.08582996195724267
L61817000197,lost_cause_parttime,Maria,tier3,1,1,solo,False,0,0,3,webinar,low,Realtor based in a smaller market.,0.022606866574244138,0.06596893604902115,0.04336206947477701,0.08174336207673269,0.08329850783567663,0.0665824079882306
L61817000198,ambiguous_team_member,Carlos,tier1,21,6,team_member,False,0,0,8,cold_list,mid,"Carlos has been licensed for 21 years, working in a major metro. Closed 6 deals in the last 12 months. The team already runs a YouTube channel with a dedicated media hire. Posts on Instagram regularly.",0.05764490512160834,0.15497390839047526,0.09732900326886693,0.14616022178011767,0.0669814112907117,0.07916508352545537
L61817000199,ambiguous_team_member,Daniel,tier3,17,13,team_member,False,0,0,6,webinar,mid,Daniel is a licensed agent in a smaller market with 17 years in the business. Signed up after a webinar.,0.05182992886114537,0.1150229604521347,0.06319303159098932,0.09264588228042664,0.10182740707603538,0.06496503879044996
L61817000200,lost_cause_parttime,Marcus,tier2,24,2,solo,False,0,0,3,cold_list,low,Marcus is a licensed agent in a mid-size metro with 24 years in the business.,0.02135840183286203,0.011666835119195956,-0.009691566713666073,0.1087262137101617,0.09027501003220298,0.055249161127047315
L61817000201,do_not_disturb_media_team,Daniel,tier2,20,16,team_lead,True,26732,24,25,cold_list,high,"Based in a mid-size metro, Daniel has 20 years of experience. Closed 16 deals in the last 12 months. Keeps up an active social media presence.",0.12557265831897538,0.06676672895980809,-0.058805929359167286,0.1106223553788219,0.07209903810253285,0.14359911878589562
L61817000202,lost_cause_parttime,Kevin,tier1,6,1,solo,False,0,0,3,cold_list,low,"Kevin has been licensed for 6 years, working in a major metro. Closed 1 deals in the last 12 months.",0.015967286695978362,0.005,-0.010967286695978361,0.10772081150252394,0.09480151160279494,0.08147982977835008
L61817000203,persuadable_growth,Carlos,tier3,3,19,solo,False,0,0,11,webinar,high,"Based in a smaller market, Carlos has 3 years of experience. Closed 19 deals in the last 12 months.",0.031039907537894422,0.23546909462625162,0.2044291870883572,0.10357821268917586,0.12188488250381231,0.07959030343899309
L61817000204,lost_cause_parttime,Michael,tier2,13,0,solo,False,0,0,2,cold_list,low,"Michael has been licensed for 13 years, working in a mid-size metro. Closed 0 deals in the last 12 months. Recently asked about getting started with video for listings.",0.024482432823312132,0.048374495023994574,0.02389206220068244,0.12273406247332676,0.06291594296771086,0.09369750147749217
L61817000205,ambiguous_team_member,Maria,tier2,9,17,team_member,False,0,0,6,cold_list,high,Maria is a realtor in a mid-size metro.,0.031357989161912105,0.0778863984321713,0.04652840927025919,0.06741552925187516,0.11299788763977062,0.04200383876965041
L61817000206,ambiguous_team_member,Sofia,tier1,4,13,team_member,False,0,0,11,cold_list,mid,"Sofia has been licensed for 4 years, working in a major metro. Closed 13 deals in the last 12 months. The team already runs a YouTube channel with a dedicated media hire. Shares listings and updates on social media often. Added from an outreach list.",0.03171485401095252,0.07669193459133342,0.0449770805803809,0.08868565020448951,0.05878191120527495,0.1190229022703446
L61817000207,persuadable_growth,James,tier1,1,17,solo,False,0,0,11,cold_list,high,"James has been licensed for 1 years, working in a major metro.",0.030335289968918638,0.19577290459985908,0.16543761463094045,0.15074189612793815,0.12363009588431312,0.04940474311884348
L61817000208,persuadable_growth,Yolanda,tier1,6,9,team_member,False,0,0,6,webinar,mid,"Based in a major metro, Yolanda has 6 years of experience. Closed 9 deals in the last 12 months.",0.028669330669867852,0.22214583646456573,0.19347650579469788,0.06402560332137722,0.08050024097642527,0.08290976513800659
L61817000209,hidden_gem_sparse_bio,Aisha,tier3,6,7,team_member,False,0,0,10,cold_list,mid,Realtor based in a smaller market.,0.024421731589381372,0.20613775100677245,0.18171601941739107,0.0921505704075692,0.11781654241645137,0.10003357211196842
L61817000210,ambiguous_team_member,Andre,tier3,12,8,team_member,False,0,0,5,webinar,mid,"Andre has been licensed for 12 years, working in a smaller market. Closed 8 deals in the last 12 months.",0.03158243914685193,0.030605830123386378,-0.0009766090234655522,0.1130801935028898,0.06739146327157404,0.051227991108592295
L61817000211,sure_thing_inbound,Carlos,tier1,14,11,team_member,False,0,0,4,inbound_form,mid,"Carlos has been licensed for 14 years, working in a major metro. Closed 11 deals in the last 12 months. Filled out our contact form.",0.3475563222292333,0.33592265132557136,-0.011633670903661963,0.09741141653406407,0.07826547491625976,0.07394451770210762
L61817000212,ambiguous_team_member,Linda,tier2,2,15,team_member,False,0,0,10,cold_list,high,Linda is a licensed agent with 2 years in the business.,0.047698566705221164,0.13525244391828217,0.08755387721306102,0.094390176435686,0.08315626790627359,0.09318077814276796
L61817000213,do_not_disturb_media_team,Carlos,tier2,23,31,team_lead,True,28768,21,28,cold_list,high,"Based in a mid-size metro, Carlos has 23 years of experience. Closed 31 deals in the last 12 months. The team already runs a YouTube channel with a dedicated media hire. Shares listings and updates on social media often. Sourced from a purchased contact list.",0.0826863388161511,0.005,-0.0776863388161511,0.13600406392419556,0.09089955692024422,0.10892119164680335
L61817000214,persuadable_growth,Chen,tier1,13,13,solo,False,0,0,8,webinar,mid,Chen is a licensed agent in a major metro with 13 years in the business. Closed 13 deals in the last 12 months. Mentioned wanting help building out a YouTube presence.,0.03043293005411958,0.2313608787773917,0.20092794872327213,0.10519200539519602,0.11704251055749408,0.07413446844422139
L61817000215,lost_cause_parttime,Daniel,tier3,19,2,solo,False,0,0,0,cold_list,low,"Daniel has been licensed for 19 years, working in a smaller market. Closed 2 deals in the last 12 months. Sourced from a purchased contact list.",0.021274405573305413,0.07374335877221867,0.05246895319891326,0.13970163610524952,0.08622808357376231,0.062129655218355964
L61817000216,do_not_disturb_media_team,Michael,tier3,17,25,team_lead,True,7387,10,14,webinar,high,"Based in a smaller market, Michael has 17 years of experience. Posts on Instagram regularly.",0.062222977062027444,0.081550677564519,0.01932770050249156,0.09562759617771556,0.04242038382420303,0.15782021941165994
L61817000217,lost_cause_parttime,Michael,tier3,11,1,solo,False,0,0,2,cold_list,low,Michael is a realtor in a smaller market.,0.016030662952788117,0.046505137505812116,0.030474474553024,0.11486465808799193,0.08457415884842318,0.06847768427592749
L61817000218,sure_thing_inbound,Linda,tier2,24,4,solo,True,190,3,2,inbound_form,low,"Based in a mid-size metro, Linda has 24 years of experience. Keeps up an active social media presence. Filled out our contact form.",0.3062430358029913,0.26319430847354436,-0.04304872732944692,0.11715303568363052,0.0492128303640973,0.07824486302191977
L61817000219,do_not_disturb_media_team,Daniel,tier1,25,24,team_lead,True,3661,18,29,cold_list,high,Realtor based in a major metro.,0.10097167414449158,0.10194445447485817,0.0009727803303665877,0.10141751858316489,0.056815671223224576,0.13251366112589846
L61817000220,hidden_gem_sparse_bio,Nina,tier2,5,18,solo,False,0,0,6,webinar,high,"Based in a mid-size metro, Nina has 5 years of experience. Closed 18 deals in the last 12 months. Attended one of our marketing webinars.",0.025102864986649612,0.15914327640267334,0.13404041141602374,0.09507290762646788,0.12976105084655237,0.08479661867319027
L61817000221,persuadable_growth,Sofia,tier1,4,10,solo,False,0,0,6,cold_list,mid,"Sofia has been licensed for 4 years, working in a major metro. Closed 10 deals in the last 12 months. Posts on Instagram regularly.",0.025698547063198834,0.17363795501419815,0.14793940795099933,0.08092038301596505,0.07487159710379199,0.0706851052775009
L61817000222,lost_cause_parttime,James,tier2,8,1,solo,False,0,0,1,cold_list,low,James is a licensed agent in a mid-size metro with 8 years in the business. Closed 1 deals in the last 12 months.,0.016651947324918107,0.07516515552327478,0.058513208198356675,0.07186055562860717,0.060539135852071935,0.11224702382322284
L61817000223,hidden_gem_sparse_bio,Robert,tier1,13,19,team_member,False,0,0,13,cold_list,high,"Based in a major metro, Robert has 13 years of experience. Shares listings and updates on social media often. Sourced from a purchased contact list.",0.02909977774312385,0.25948661154465513,0.23038683380153127,0.08084849075776321,0.12333143692148996,0.0558712923771041
L61817000224,ambiguous_team_member,Tom,tier1,20,7,team_member,False,0,0,10,cold_list,mid,"Tom has been licensed for 20 years, working in a major metro. Mentioned wanting help building out a YouTube presence.",0.0589549130684814,0.15694790240964618,0.09799298934116478,0.08786886978973886,0.08704761615183992,0.10022064528604971
L61817000225,lost_cause_parttime,Nina,tier1,20,3,solo,False,0,0,1,cold_list,low,"Based in a major metro, Nina has 20 years of experience. Closed 3 deals in the last 12 months.",0.011050398020487047,0.0403112101232802,0.029260812102793153,0.0846277987668228,0.08774804659319001,0.0730290028958081
L61817000226,hidden_gem_sparse_bio,Yolanda,tier2,25,15,team_member,False,0,0,11,cold_list,high,Yolanda is a realtor in a mid-size metro.,0.025519116813996504,0.29211240391712584,0.26659328710312935,0.09575752128709741,0.1081900132159977,0.10971536789508786
L61817000227,do_not_disturb_media_team,Linda,tier3,4,38,team_lead,True,10304,23,24,cold_list,high,"Linda has been licensed for 4 years, working in a smaller market. Closed 38 deals in the last 12 months. Shares listings and updates on social media often.",0.0842066053881555,0.07507342150422382,-0.009133183883931681,0.0940428755056176,0.07201421358269046,0.15048843628302067
L61817000228,hidden_gem_sparse_bio,Daniel,tier1,12,8,team_member,False,0,0,7,cold_list,mid,Daniel is a realtor in a major metro.,0.03124740573408715,0.09169428796724247,0.060446882233155315,0.12060107691104288,0.07418467646229876,0.057724393721544115
L61817000229,ambiguous_team_member,Grace,tier3,23,17,team_member,False,0,0,9,cold_list,high,Grace is a licensed agent with 23 years in the business.,0.04368030153730838,0.1512218389122323,0.1075415373749239,0.10836236062472715,0.1055575479419771,0.0637529653465283
L61817000230,hidden_gem_sparse_bio,Marcus,tier2,22,14,team_member,False,0,0,16,cold_list,mid,Marcus is a realtor in a mid-size metro.,0.028362367402550995,0.10723126985317748,0.07886890245062649,0.11710863209905106,0.07676379026078517,0.07952103536005675
L61817000231,hidden_gem_sparse_bio,Fatima,tier3,6,5,team_member,False,0,0,6,cold_list,mid,"Fatima has been licensed for 6 years, working in a smaller market. Closed 5 deals in the last 12 months. Mentioned wanting help building out a YouTube presence.",0.0283398041574774,0.1195525014542851,0.0912126972968077,0.048520419498660886,0.12031191824090916,0.0884057048844972
L61817000232,lost_cause_parttime,Tom,tier3,13,2,solo,False,0,0,2,cold_list,low,Tom is a licensed agent in a smaller market with 13 years in the business.,0.01458594188588523,0.005,-0.00958594188588523,0.09466010604040118,0.1190448490691672,0.12824523712542296
L61817000233,hidden_gem_sparse_bio,Carlos,tier3,18,8,solo,False,0,0,8,cold_list,mid,"Based in a smaller market, Carlos has 18 years of experience. Keeps up an active social media presence. Added from an outreach list.",0.029866820290105248,0.11005554427010165,0.0801887239799964,0.11339628269194274,0.08602365572012512,0.10305717937387852
L61817000234,sure_thing_inbound,Julia,tier3,16,14,team_member,False,0,0,12,inbound_form,mid,Julia is a licensed agent in a smaller market with 16 years in the business. Closed 14 deals in the last 12 months. Mentioned wanting help building out a YouTube presence.,0.3452365590852048,0.32010157825943475,-0.025134980825770037,0.12742009321630224,0.04965663586074253,0.06325586542894623
L61817000235,ambiguous_team_member,Emily,tier3,24,9,team_member,False,0,0,10,webinar,mid,"Based in a smaller market, Emily has 24 years of experience. Closed 9 deals in the last 12 months.",0.04429593940112457,0.12744755776211886,0.08315161836099429,0.06646081506682007,0.08402671835216438,0.10771855687825735
L61817000236,ambiguous_team_member,David,tier1,21,6,team_member,False,0,0,8,cold_list,mid,David is a licensed agent in a major metro with 21 years in the business. Closed 6 deals in the last 12 months.,0.08759391507712,0.07470896907034802,-0.01288494600677198,0.0839428808697687,0.08322084059195758,0.06420565491057573
L61817000237,lost_cause_parttime,David,tier2,17,3,solo,False,0,0,2,cold_list,low,David is a licensed agent with 17 years in the business.,0.022196587822613464,0.017082782685771805,-0.005113805136841659,0.0727378797314536,0.031139090388717726,0.08821268118127147
L61817000238,lost_cause_parttime,Maria,tier2,9,2,solo,False,0,0,3,cold_list,low,Maria is a realtor in a mid-size metro.,0.01776787710080873,0.05315625605741809,0.03538837895660936,0.1084930938229659,0.09400052777321054,0.07969093072749267
L61817000239,sure_thing_inbound,Linda,tier2,24,15,solo,True,423,3,10,inbound_form,high,Linda is a licensed agent in a mid-size metro with 24 years in the business. Closed 15 deals in the last 12 months. Recently asked about getting started with video for listings. Shares listings and updates on social media often.,0.2810863099311803,0.2996151118119923,0.018528801880812018,0.11847828875119097,0.07900883094589184,0.10814339084830708
L61817000240,persuadable_growth,Yolanda,tier1,23,7,team_member,False,0,0,17,webinar,mid,"Yolanda has been licensed for 23 years, working in a major metro. Closed 7 deals in the last 12 months. Posts on Instagram regularly.",0.02728304911432329,0.16069748061942657,0.1334144315051033,0.10155093116507692,0.05592636584358472,0.06626490681276824
L61817000241,lost_cause_parttime,Brian,tier2,4,1,solo,False,0,0,3,cold_list,low,Brian is a licensed agent in a mid-size metro with 4 years in the business. Closed 1 deals in the last 12 months.,0.014136288969423825,0.09928157217186505,0.08514528320244122,0.10606169126726994,0.07756129118874085,0.012693007736852904
L61817000242,ambiguous_team_member,Nina,tier2,9,16,team_member,False,0,0,9,cold_list,high,"Based in a mid-size metro, Nina has 9 years of experience. Closed 16 deals in the last 12 months. Sourced from a purchased contact list.",0.04096408147618924,0.15146203522603757,0.11049795374984833,0.11098885878086455,0.10210060205736736,0.07245320835624498
L61817000243,persuadable_growth,Michael,tier3,20,5,solo,False,0,0,18,cold_list,mid,Michael is a licensed agent in a smaller market with 20 years in the business. Posts on Instagram regularly. Sourced from a purchased contact list.,0.03575315800951794,0.21844249463004023,0.18268933662052228,0.0885506401599678,0.0801702452624659,0.05353641557810481
L61817000244,lost_cause_parttime,Priya,tier3,6,2,solo,False,0,0,2,cold_list,low,Realtor based in a smaller market.,0.018657036593987708,0.015811173357960794,-0.002845863236026914,0.09358776784133001,0.061460461070403996,0.06026778673241549
L61817000245,hidden_gem_sparse_bio,Maria,tier1,25,16,solo,False,0,0,15,cold_list,high,Maria is a licensed agent with 25 years in the business.,0.03341114645007336,0.13045031944066265,0.09703917299058928,0.07985447566266513,0.1200921447406128,0.08236320715937373
L61817000246,ambiguous_team_member,Robert,tier2,24,7,team_member,False,0,0,6,cold_list,mid,"Robert has been licensed for 24 years, working in a mid-size metro. Posts on Instagram regularly.",0.033773460032474514,0.00834372610757761,-0.025429733924896905,0.07831418230235469,0.07631477052938496,0.0838574572745207
L61817000247,ambiguous_team_member,Yolanda,tier1,19,4,team_member,False,0,0,7,cold_list,low,"Yolanda has been licensed for 19 years, working in a major metro. Closed 4 deals in the last 12 months. Added from an outreach list.",0.04735795574242823,0.12187661227183061,0.07451865652940237,0.09408253887990599,0.11972177789600744,0.05778973179008838
L61817000248,persuadable_growth,Julia,tier3,13,9,team_member,False,0,0,12,cold_list,mid,"Julia has been licensed for 13 years, working in a smaller market. Closed 9 deals in the last 12 months. Added from an outreach list.",0.051009806625807945,0.18808720937724388,0.13707740275143593,0.08080953734596316,0.07187133512044404,0.09117695656936581
L61817000249,hidden_gem_sparse_bio,Maria,tier2,1,19,solo,False,0,0,17,webinar,high,"Based in a mid-size metro, Maria has 1 years of experience. Closed 19 deals in the last 12 months. Mentioned wanting help building out a YouTube presence. Shares listings and updates on social media often.",0.028494644421353493,0.16794356995302775,0.13944892553167426,0.1423300709001664,0.12083205554195206,0.08323915286546274
L61817000250,lost_cause_parttime,Michael,tier1,20,0,solo,False,0,0,3,cold_list,low,Michael is a licensed agent in a major metro with 20 years in the business.,0.02744909107376578,0.03712011384310125,0.009671022769335472,0.09483044843757732,0.07456080960194605,0.08064333406622125
L61817000251,ambiguous_team_member,Carlos,tier1,19,14,team_member,False,0,0,6,webinar,mid,Realtor based in a major metro.,0.05177079964243783,0.15519899292364975,0.10342819328121192,0.10025739822104728,0.12334907448175898,0.058715487463113135
L61817000252,ambiguous_team_member,Maria,tier2,22,12,team_member,False,0,0,8,webinar,mid,Maria is a licensed agent in a mid-size metro with 22 years in the business. Closed 12 deals in the last 12 months. Keeps up an active social media presence.,0.052817324685395385,0.10048933531579565,0.04767201063040027,0.0947688296258497,0.0855338956768914,0.0693537252252738
L61817000253,lost_cause_parttime,Aisha,tier2,5,3,solo,False,0,0,1,cold_list,low,Realtor based in a mid-size metro.,0.013089911393396061,0.12589146359748493,0.11280155220408887,0.09898071873941405,0.10669329909138965,0.0989525717919249
L61817000254,persuadable_growth,Kevin,tier1,15,16,solo,False,0,0,11,cold_list,high,Kevin is a realtor in a major metro.,0.021116889548718595,0.18057173388844905,0.15945484433973045,0.10877218518644569,0.11163949934012701,0.09782446139727681
L61817000255,persuadable_growth,Tom,tier3,7,14,solo,False,0,0,16,webinar,mid,"Tom has been licensed for 7 years, working in a smaller market. Closed 14 deals in the last 12 months. Keeps up an active social media presence. Signed up after a webinar.",0.0247721931376964,0.14037601966146604,0.11560382652376963,0.14148119356209607,0.08868065545292504,0.0958303337549273
L61817000256,do_not_disturb_media_team,Robert,tier2,20,27,team_lead,True,3562,14,13,cold_list,high,"Based in a mid-size metro, Robert has 20 years of experience. Closed 27 deals in the last 12 months. Works with an in-house videographer on a regular posting schedule. Added from an outreach list.",0.09462308005386978,0.10069536223906621,0.006072282185196426,0.07806529704841063,0.07649296766495187,0.15050223199691237
L61817000257,lost_cause_parttime,Andre,tier2,3,1,solo,False,0,0,2,cold_list,low,"Andre has been licensed for 3 years, working in a mid-size metro. Closed 1 deals in the last 12 months. Sourced from a purchased contact list.",0.01804664458762995,0.0461303243232415,0.028083679735611555,0.10787594059702084,0.09573590698182133,0.07210384870229265
L61817000258,persuadable_growth,Aisha,tier3,15,19,solo,False,0,0,18,webinar,high,"Aisha has been licensed for 15 years, working in a smaller market. Closed 19 deals in the last 12 months. The team already runs a YouTube channel with a dedicated media hire. Keeps up an active social media presence.",0.03054766689234663,0.15297848878883005,0.12243082189648342,0.10801672909382502,0.13513967823783504,0.06236595181713877
L61817000259,lost_cause_parttime,Nina,tier3,19,0,solo,False,0,0,2,cold_list,low,Nina is a licensed agent with 19 years in the business.,0.02825156514166048,0.10723623114864599,0.0789846660069855,0.09513942160431367,0.07213989465919506,0.08565987712821169
L61817000260,sure_thing_inbound,Carlos,tier1,19,6,solo,False,0,0,10,inbound_form,mid,"Based in a major metro, Carlos has 19 years of experience. Filled out our contact form.",0.4769786508165305,0.41271515395908964,-0.06426349685744087,0.05523678135463342,0.07392274860904696,0.08347649699809818
L61817000261,hidden_gem_sparse_bio,Carlos,tier3,6,6,team_member,False,0,0,8,cold_list,mid,Carlos is a licensed agent in a smaller market with 6 years in the business. Closed 6 deals in the last 12 months.,0.04701950828318457,0.17430341552118883,0.12728390723800426,0.10993889473927902,0.07373966303164164,0.05370486098526206
L61817000262,ambiguous_team_member,Yolanda,tier2,14,17,team_member,False,0,0,6,webinar,high,"Based in a mid-size metro, Yolanda has 14 years of experience. Closed 17 deals in the last 12 months. Works with an in-house videographer on a regular posting schedule.",0.03856479390803816,0.15879155827267522,0.12022676436463706,0.0983619469432979,0.11412496903143504,0.06429896350706385
L61817000263,do_not_disturb_media_team,Yolanda,tier3,14,34,team_lead,True,20540,26,19,webinar,high,"Based in a smaller market, Yolanda has 14 years of experience. Posts on Instagram regularly. Attended one of our marketing webinars.",0.08350978038823048,0.04698216933811786,-0.036527611050112624,0.1277221299919758,0.07549605720877321,0.16421779260535094
L61817000264,persuadable_growth,Sofia,tier1,13,16,team_member,False,0,0,17,cold_list,high,"Sofia has been licensed for 13 years, working in a major metro. Closed 16 deals in the last 12 months. Has been thinking about trying short-form video content. Sourced from a purchased contact list.",0.04213871138950371,0.23040471603995535,0.18826600465045165,0.06886054640758489,0.07324205901564526,0.06015342794680248
L61817000265,lost_cause_parttime,Linda,tier2,20,0,solo,False,0,0,0,cold_list,low,"Based in a mid-size metro, Linda has 20 years of experience. Closed 0 deals in the last 12 months.",0.01857075720976533,0.06867678837779317,0.050106031168027844,0.07322282811260906,0.09982484327217009,0.067978288461281
L61817000266,lost_cause_parttime,Daniel,tier3,19,1,solo,False,0,0,1,webinar,low,"Daniel has been licensed for 19 years, working in a smaller market. Closed 1 deals in the last 12 months. Attended one of our marketing webinars.",0.02332260534048286,0.005,-0.01832260534048286,0.1349982055958904,0.0782798218701552,0.0922490996848516
L61817000267,do_not_disturb_media_team,Fatima,tier2,17,39,team_lead,True,11919,27,10,cold_list,high,"Fatima has been licensed for 17 years, working in a mid-size metro. Has some in-house support for producing video content.",0.1354160851938252,0.1103308726720756,-0.025085212521749597,0.09260908193280062,0.08911220144832677,0.13583685658329417
L61817000268,ambiguous_team_member,Grace,tier3,2,13,team_member,False,0,0,8,cold_list,mid,"Based in a smaller market, Grace has 2 years of experience. Closed 13 deals in the last 12 months.",0.03512372032586618,0.12006896674694874,0.08494524642108256,0.0781854317679595,0.10185759876726362,0.05645680665718275
L61817000269,ambiguous_team_member,James,tier2,19,12,team_member,False,0,0,2,webinar,mid,Realtor based in a mid-size metro.,0.04904717424917882,0.08366295502265764,0.034615780773478814,0.07392039652800647,0.09359359095008077,0.0804516082241174
L61817000270,persuadable_growth,Kevin,tier3,25,17,solo,False,0,0,17,webinar,high,Kevin is a realtor in a smaller market.,0.02391927330007682,0.15442685489532776,0.13050758159525094,0.06345054660370505,0.124751493497964,0.05732426551512567
L61817000271,persuadable_growth,Wei,tier1,4,10,team_member,False,0,0,8,cold_list,mid,"Wei has been licensed for 4 years, working in a major metro. Added from an outreach list.",0.02396261587144742,0.06087992264551448,0.03691730677406706,0.11010242806395182,0.05417564155997287,0.05672390565238325
L61817000272,persuadable_growth,Julia,tier3,17,17,solo,False,0,0,9,cold_list,high,Julia is a licensed agent in a smaller market with 17 years in the business. Closed 17 deals in the last 12 months. The team already runs a YouTube channel with a dedicated media hire. Posts on Instagram regularly. Sourced from a purchased contact list.,0.033040399205256824,0.19147885542945547,0.15843845622419866,0.09604023666626141,0.10895274991452394,0.060449813859719814
L61817000273,persuadable_growth,Marcus,tier3,12,17,team_member,False,0,0,9,webinar,high,Marcus is a licensed agent with 12 years in the business.,0.04630074115199123,0.24229606142183674,0.1959953202698455,0.09299194291235724,0.11557209006389417,0.0820881907314435
L61817000274,ambiguous_team_member,Aisha,tier3,9,6,team_member,False,0,0,7,cold_list,mid,Aisha is a licensed agent in a smaller market with 9 years in the business. Sourced from a purchased contact list.,0.04936801893883413,0.17904847328818765,0.12968045434935352,0.08093655326775398,0.07771417543642997,0.027748685489243752
L61817000275,persuadable_growth,Nina,tier2,19,19,team_member,False,0,0,7,webinar,high,Nina is a licensed agent with 19 years in the business.,0.028693500087784964,0.1371444744591895,0.10845097437140455,0.07960470894219472,0.09407794877296421,0.08049911829527436
L61817000276,lost_cause_parttime,Kevin,tier2,19,2,solo,False,0,0,2,webinar,low,Kevin is a realtor in a mid-size metro.,0.024095173509681846,0.05137059584105977,0.027275422331377922,0.11802117711864,0.07273277751516691,0.0860348003684506
L61817000277,hidden_gem_sparse_bio,Priya,tier3,16,8,solo,False,0,0,11,webinar,mid,Realtor based in a smaller market.,0.02637379102037611,0.13979818542673855,0.11342439440636244,0.13135123079600383,0.06348969317746789,0.0749056983265202
L61817000278,do_not_disturb_media_team,Yolanda,tier3,19,16,team_lead,True,8968,22,10,cold_list,high,"Based in a smaller market, Yolanda has 19 years of experience. Closed 16 deals in the last 12 months. The team already runs a YouTube channel with a dedicated media hire. Keeps up an active social media presence.",0.09877967735265658,0.04456397326293957,-0.05421570408971701,0.08375788929425966,0.07860655172317628,0.13953301438093882
L61817000279,ambiguous_team_member,Michael,tier2,22,17,team_member,False,0,0,6,webinar,high,Michael is a realtor in a mid-size metro.,0.058835814175528016,0.14650836368809858,0.08767254951257056,0.10254586984289711,0.1097998192380138,0.05581689637324988
L61817000280,ambiguous_team_member,Michael,tier2,9,16,team_member,False,0,0,4,cold_list,high,Realtor based in a mid-size metro.,0.04472013497755301,0.14999655803467768,0.10527642305712467,0.1245747665368011,0.07924067970521131,0.07828108432180872
L61817000281,lost_cause_parttime,Michael,tier3,14,0,solo,False,0,0,0,webinar,low,"Michael has been licensed for 14 years, working in a smaller market. Closed 0 deals in the last 12 months.",0.024913374548138745,0.005,-0.019913374548138744,0.06364316583947502,0.09433426042918786,0.07270275275868415
L61817000282,persuadable_growth,Chen,tier3,17,8,solo,False,0,0,14,cold_list,mid,"Based in a smaller market, Chen has 17 years of experience. Closed 8 deals in the last 12 months. Shares listings and updates on social media often. Sourced from a purchased contact list.",0.029015894908493104,0.21524095032716006,0.18622505541866696,0.10511654018575053,0.09850368701527536,0.08718220980234033
L61817000283,sure_thing_inbound,Wei,tier1,15,18,team_member,False,0,0,4,inbound_form,high,Wei is a licensed agent with 15 years in the business.,0.26656863970706063,0.2033365983636575,-0.06323204134340313,0.11332387513052807,0.11424777565759262,0.08645418501956731
L61817000284,persuadable_growth,Daniel,tier3,9,17,team_member,False,0,0,7,webinar,high,"Daniel has been licensed for 9 years, working in a smaller market. Has been thinking about trying short-form video content. Attended one of our marketing webinars.",0.03373078671638135,0.2287062309500647,0.19497544423368335,0.11238220698852765,0.1450504486572063,0.05914544450281873
L61817000285,do_not_disturb_media_team,Tom,tier1,22,17,team_lead,True,16541,29,15,webinar,high,Tom is a licensed agent in a major metro with 22 years in the business. Closed 17 deals in the last 12 months. Has some in-house support for producing video content. Signed up after a webinar.,0.11468038698254998,0.005,-0.10968038698254998,0.06273968934773783,0.03567283073719316,0.1417545357186191
L61817000286,lost_cause_parttime,Andre,tier1,18,0,solo,False,0,0,2,cold_list,low,Andre is a licensed agent with 18 years in the business.,0.016598204731965143,0.005,-0.011598204731965142,0.08217875352772452,0.08751003136839187,0.05020125320647063
L61817000287,do_not_disturb_media_team,Aisha,tier3,15,24,team_lead,True,18189,27,25,cold_list,high,Aisha is a licensed agent in a smaller market with 15 years in the business. Works with an in-house videographer on a regular posting schedule. Posts on Instagram regularly.,0.10740910264865645,0.014878434600715681,-0.09253066804794077,0.07329159866824425,0.09216075872027518,0.17262807612698375
L61817000288,sure_thing_inbound,Nina,tier1,17,7,team_member,False,0,0,12,inbound_form,mid,"Based in a major metro, Nina has 17 years of experience.",0.24202980536437627,0.2467787288181553,0.00474892345377903,0.1276035901522151,0.08365251894165956,0.07179551175533161
L61817000289,do_not_disturb_media_team,David,tier2,21,37,team_lead,True,26356,9,15,cold_list,high,David is a licensed agent in a mid-size metro with 21 years in the business. The team already runs a YouTube channel with a dedicated media hire. Keeps up an active social media presence. Added from an outreach list.,0.07806325676819766,0.005,-0.07306325676819765,0.07469562019542451,0.08225289613877321,0.11300953118857202
L61817000290,do_not_disturb_media_team,Andre,tier1,9,36,team_lead,True,7802,17,14,cold_list,high,"Andre has been licensed for 9 years, working in a major metro. Closed 36 deals in the last 12 months. The team already runs a YouTube channel with a dedicated media hire. Added from an outreach list.",0.0741916661910088,0.02558266600811989,-0.048609000182888905,0.07600984497934986,0.07731123231056566,0.12655499799239975
L61817000291,do_not_disturb_media_team,Yolanda,tier3,23,33,team_lead,True,17088,10,27,cold_list,high,Yolanda is a licensed agent with 23 years in the business.,0.10461162649314833,0.04568908940597513,-0.058922537087173196,0.11356693680525518,0.08998540775616662,0.08887504063503793
L61817000292,ambiguous_team_member,Sofia,tier2,11,4,team_member,False,0,0,5,webinar,low,Sofia is a licensed agent in a mid-size metro with 11 years in the business. Posts on Instagram regularly. Signed up after a webinar.,0.04486742782033922,0.08345178062498468,0.03858435280464546,0.10166347621282668,0.07499955763412681,0.03922352810521452
L61817000293,hidden_gem_sparse_bio,David,tier1,24,15,team_member,False,0,0,11,cold_list,high,Realtor based in a major metro.,0.03245810293465717,0.14746388565175003,0.11500578271709286,0.09417557868780489,0.1288853447014456,0.08207996328265746
L61817000294,ambiguous_team_member,Tom,tier1,13,6,team_member,False,0,0,6,cold_list,mid,Tom is a licensed agent with 13 years in the business.,0.052877660344662715,0.10222275267176488,0.049345092327102165,0.08164531168252012,0.07886452362473742,0.06624344994935384
L61817000295,persuadable_growth,Fatima,tier3,10,16,team_member,False,0,0,16,cold_list,high,"Fatima has been licensed for 10 years, working in a smaller market. Shares listings and updates on social media often. Added from an outreach list.",0.0277532345520858,0.10938107468251743,0.08162784013043163,0.12042793021337586,0.1118223337408421,0.08700743905150059
L61817000296,persuadable_growth,James,tier1,5,17,solo,False,0,0,10,cold_list,high,"Based in a major metro, James has 5 years of experience. Closed 17 deals in the last 12 months.",0.03473820061911399,0.09829758952924274,0.06355938891012874,0.11991655352288765,0.1437741652419389,0.06358485855234237
L61817000297,hidden_gem_sparse_bio,Sofia,tier1,23,15,team_member,False,0,0,12,cold_list,high,"Sofia has been licensed for 23 years, working in a major metro. Closed 15 deals in the last 12 months. Added from an outreach list.",0.02600229089180495,0.1322284807694991,0.10622618987769417,0.0885408822923366,0.11878586950925715,0.0910488781168929
L61817000298,hidden_gem_sparse_bio,Maria,tier3,9,14,solo,False,0,0,12,cold_list,mid,"Maria has been licensed for 9 years, working in a smaller market. Closed 14 deals in the last 12 months. Recently asked about getting started with video for listings.",0.03312478250292745,0.18000328722592188,0.14687850472299444,0.10898096497240857,0.09579446803041587,0.0891372987529403
L61817000299,do_not_disturb_media_team,Sofia,tier1,3,21,team_lead,True,8181,22,23,cold_list,high,"Sofia has been licensed for 3 years, working in a major metro. Closed 21 deals in the last 12 months. The team already runs a YouTube channel with a dedicated media hire. Posts on Instagram regularly. Added from an outreach list.",0.12098775038394295,0.11049163828167555,-0.010496112102267405,0.10611353810922382,0.03138003795822858,0.13169306428886288
L61817000300,lost_cause_parttime,Maria,tier2,7,3,solo,False,0,0,0,cold_list,low,Maria is a licensed agent with 7 years in the business.,0.017356023976344077,0.005,-0.012356023976344076,0.0882033512708005,0.08561420092237232,0.08629683739002962
L61817000301,ambiguous_team_member,Julia,tier3,14,14,team_member,False,0,0,11,cold_list,mid,Julia is a licensed agent in a smaller market with 14 years in the business. Closed 14 deals in the last 12 months. Posts on Instagram regularly. Added from an outreach list.,0.03436648522222722,0.2543174037068016,0.2199509184845744,0.11914590103974926,0.10615432419943606,0.06032360527557934
L61817000302,sure_thing_inbound,Linda,tier1,19,9,team_member,False,0,0,5,inbound_form,mid,Linda is a realtor in a major metro.,0.29635727174686405,0.3044589079735482,0.008101636226684139,0.1237512736208859,0.12168149818018532,0.059235619117353915
L61817000303,persuadable_growth,Aisha,tier1,24,17,solo,False,0,0,16,cold_list,high,"Aisha has been licensed for 24 years, working in a major metro. Closed 17 deals in the last 12 months. Sourced from a purchased contact list.",0.03025342860671452,0.14269867234167655,0.11244524373496202,0.11537233751340374,0.11229280369933119,0.11011150116885393
L61817000304,hidden_gem_sparse_bio,Emily,tier3,15,10,team_member,False,0,0,13,cold_list,mid,Realtor based in a smaller market.,0.039671974104980925,0.13596242909598216,0.09629045499100124,0.07679874724258254,0.10639491098012792,0.06200965043102586
L61817000305,do_not_disturb_media_team,Aisha,tier2,13,32,team_lead,True,12407,22,14,cold_list,high,Realtor based in a mid-size metro.,0.12316987340855258,0.07610572414629849,-0.04706414926225409,0.11022327512181647,0.09666388421934025,0.11538473810780735
L61817000306,sure_thing_inbound,Robert,tier2,24,8,solo,True,4,0,10,inbound_form,mid,"Robert has been licensed for 24 years, working in a mid-size metro. Closed 8 deals in the last 12 months. Keeps up an active social media presence.",0.2806748865168186,0.3286742051679332,0.04799931865111462,0.12486214461593868,0.10792311063927676,0.06841268603435342
L61817000307,lost_cause_parttime,Wei,tier2,12,3,solo,False,0,0,1,cold_list,low,"Wei has been licensed for 12 years, working in a mid-size metro. Closed 3 deals in the last 12 months. Added from an outreach list.",0.016338846990695793,0.021435022731656157,0.005096175740960364,0.08503834215631564,0.10335394871037154,0.11159460722048048
L61817000308,ambiguous_team_member,Julia,tier1,7,13,team_member,False,0,0,7,cold_list,mid,"Based in a major metro, Julia has 7 years of experience. Closed 13 deals in the last 12 months.",0.049160409916811615,0.13665250056459882,0.08749209064778721,0.09801492374407093,0.11162525429049867,0.07688636206896948
L61817000309,ambiguous_team_member,Kevin,tier2,21,14,team_member,False,0,0,8,webinar,mid,Kevin is a licensed agent in a mid-size metro with 21 years in the business. Closed 14 deals in the last 12 months.,0.04299505568765197,0.11223537599584406,0.06924032030819209,0.11281112730121129,0.10004872847267789,0.13909467523116925
L61817000310,ambiguous_team_member,Fatima,tier1,16,14,team_member,False,0,0,9,cold_list,mid,"Fatima has been licensed for 16 years, working in a major metro. Closed 14 deals in the last 12 months. Posts on Instagram regularly.",0.04982379932812794,0.1235649675559379,0.07374116822780996,0.08766139312076628,0.09220717389741476,0.10502518588116576
L61817000311,hidden_gem_sparse_bio,David,tier2,2,11,team_member,False,0,0,6,cold_list,mid,"David has been licensed for 2 years, working in a mid-size metro. Closed 11 deals in the last 12 months. Mentioned wanting help building out a YouTube presence. Has some in-house support for producing video content.",0.0327777450289765,0.15344156404879,0.1206638190198135,0.100534163922985,0.10040824672214854,0.08992821265406122
L61817000312,persuadable_growth,James,tier1,24,18,solo,False,0,0,19,cold_list,high,James is a licensed agent with 24 years in the business.,0.029343896228750777,0.13818936937508497,0.10884547314633419,0.10543955880410202,0.11886892249793826,0.055644464393188
L61817000313,hidden_gem_sparse_bio,Emily,tier2,8,11,solo,False,0,0,4,webinar,mid,Realtor based in a mid-size metro.,0.028401189227150708,0.11661172634723277,0.08821053712008206,0.095291165413188,0.10715569209660514,0.073134000178862
L61817000314,lost_cause_parttime,Maria,tier1,25,3,solo,False,0,0,1,cold_list,low,"Maria has been licensed for 25 years, working in a major metro. Closed 3 deals in the last 12 months.",0.01975517953438482,0.005,-0.014755179534384818,0.10146106441129134,0.07961229361894129,0.05531393237917023
L61817000315,do_not_disturb_media_team,Yolanda,tier1,19,36,team_lead,True,19057,22,27,cold_list,high,Yolanda is a realtor in a major metro.,0.08321943085372178,0.058396277859947526,-0.02482315299377426,0.108811576573872,0.05647262271367316,0.15469236223781344
L61817000316,persuadable_growth,Grace,tier2,1,10,solo,False,0,0,14,webinar,mid,Grace is a licensed agent in a mid-size metro with 1 years in the business. Closed 10 deals in the last 12 months. Shares listings and updates on social media often.,0.04456471874113905,0.12510493382527232,0.08054021508413328,0.10974639991114073,0.09752758741724862,0.11409026413048506
L61817000317,sure_thing_inbound,Aisha,tier3,17,3,team_member,False,0,0,11,inbound_form,low,Realtor based in a smaller market.,0.31820817253354944,0.3003420816559826,-0.017866090877566854,0.09987928590119273,0.06391145580976587,0.10451763448905278
L61817000318,lost_cause_parttime,David,tier2,2,3,solo,False,0,0,3,cold_list,low,"Based in a mid-size metro, David has 2 years of experience. Closed 3 deals in the last 12 months.",0.023709168836638855,0.012803258163993414,-0.01090591067264544,0.07482481184708324,0.08926570499461255,0.09525125024542654
L61817000319,persuadable_growth,Tom,tier1,8,19,team_member,False,0,0,18,cold_list,high,Tom is a realtor in a major metro.,0.03333974368391669,0.13803961295917805,0.10469986927526136,0.08456635203711527,0.06927146324673042,0.03643328754897072
L61817000320,sure_thing_inbound,Linda,tier1,19,6,solo,False,0,0,11,inbound_form,mid,Linda is a licensed agent with 19 years in the business.,0.21150959107473283,0.1827801761300601,-0.028729414944672738,0.12703723344763082,0.05105718720907182,0.06579921928059253
L61817000321,sure_thing_inbound,Chen,tier1,14,13,solo,False,0,0,4,inbound_form,mid,Chen is a licensed agent in a major metro with 14 years in the business. Recently asked about getting started with video for listings. Reached out directly through our website.,0.23013913992749863,0.1919790204057091,-0.03816011952178952,0.10922030152634958,0.0680842940300751,0.07994679508120012
L61817000322,do_not_disturb_media_team,Carlos,tier1,25,32,team_lead,True,5298,9,16,cold_list,high,Carlos is a licensed agent in a major metro with 25 years in the business. Closed 32 deals in the last 12 months. Works with an in-house videographer on a regular posting schedule.,0.06863464646684209,0.11314988141852038,0.04451523495167829,0.04883219884262996,0.07624876446959389,0.12447730764944255
L61817000323,do_not_disturb_media_team,Maria,tier1,10,33,team_lead,True,3576,12,26,cold_list,high,"Maria has been licensed for 10 years, working in a major metro. Closed 33 deals in the last 12 months. The team already runs a YouTube channel with a dedicated media hire. Shares listings and updates on social media often. Sourced from a purchased contact list.",0.09467514974226084,0.09454175594017988,-0.00013339380208095275,0.10728518356426575,0.07970450191035176,0.1634085560663835
L61817000324,hidden_gem_sparse_bio,Marcus,tier1,2,19,solo,False,0,0,4,cold_list,high,"Based in a major metro, Marcus has 2 years of experience. Closed 19 deals in the last 12 months. Sourced from a purchased contact list.",0.016650837602667046,0.17193880557397567,0.15528796797130862,0.0927609474523741,0.1111326233322778,0.0854893806838936
L61817000325,hidden_gem_sparse_bio,Daniel,tier2,6,17,solo,False,0,0,10,cold_list,high,Daniel is a licensed agent in a mid-size metro with 6 years in the business. Closed 17 deals in the last 12 months.,0.03632466692370634,0.16954694309039922,0.13322227616669288,0.06986468551156425,0.10818222305832219,0.11302391581276516
L61817000326,ambiguous_team_member,Aisha,tier2,17,12,team_member,False,0,0,11,webinar,mid,Aisha is a licensed agent with 17 years in the business.,0.10446950878613254,0.1722181323636045,0.06774862357747197,0.07164824235817299,0.1486976592732765,0.07818013906061448
L61817000327,persuadable_growth,Linda,tier2,5,17,solo,False,0,0,13,cold_list,high,Realtor based in a mid-size metro.,0.029296159787352675,0.18621943893797793,0.15692327915062526,0.08159490348198849,0.14657630552998654,0.06630157099034895
L61817000328,lost_cause_parttime,Marcus,tier3,4,3,solo,False,0,0,2,cold_list,low,Marcus is a licensed agent in a smaller market with 4 years in the business. Closed 3 deals in the last 12 months. Added from an outreach list. Mentioned wanting to take things to the next level this year.,0.019402868822072056,0.04913303691516932,0.029730168093097264,0.08755867630977703,0.06619952161943758,0.07530332568540991
L61817000329,lost_cause_parttime,Robert,tier3,12,3,solo,False,0,0,3,webinar,low,Robert is a licensed agent with 12 years in the business.,0.026578662795897868,0.05511069274327396,0.02853202994737609,0.10140871427927854,0.1076728982403011,0.10645766116003351
L61817000330,lost_cause_parttime,Marcus,tier3,17,3,solo,False,0,0,3,cold_list,low,Realtor based in a smaller market.,0.015029561172092972,0.005,-0.010029561172092971,0.11691974690410273,0.0689701727996107,0.08326855789633843
L61817000331,hidden_gem_sparse_bio,Tom,tier2,17,5,team_member,False,0,0,4,cold_list,mid,Realtor based in a mid-size metro.,0.028400675129811464,0.15323809193477053,0.12483741680495906,0.08691087645883111,0.07725217588503853,0.09556068103763277
L61817000332,persuadable_growth,Michael,tier1,7,9,solo,False,0,0,7,cold_list,mid,Michael is a realtor in a major metro.,0.033116953187066846,0.14552816325862686,0.11241121007156002,0.09006379749395016,0.0767525915301066,0.09367812476236989
L61817000333,lost_cause_parttime,Priya,tier2,8,0,solo,False,0,0,0,webinar,low,"Based in a mid-size metro, Priya has 8 years of experience. Closed 0 deals in the last 12 months. Signed up after a webinar.",0.025961554219616545,0.031436884203248305,0.00547532998363176,0.08542233453101483,0.07857554154283038,0.04284570539349541
L61817000334,hidden_gem_sparse_bio,James,tier1,3,6,solo,False,0,0,6,cold_list,mid,"Based in a major metro, James has 3 years of experience.",0.023217280493507127,0.08902341774162931,0.06580613724812218,0.06791671166819441,0.11369297761892751,0.044030224217782764
L61817000335,do_not_disturb_media_team,Tom,tier2,22,28,team_lead,True,28483,26,11,webinar,high,"Tom has been licensed for 22 years, working in a mid-size metro. Closed 28 deals in the last 12 months.",0.11700499177232677,0.0593777617449907,-0.05762723002733607,0.06233882725451636,0.07441200917926323,0.1086419298258968
L61817000336,hidden_gem_sparse_bio,Robert,tier3,16,9,solo,False,0,0,13,cold_list,mid,Robert is a licensed agent in a smaller market with 16 years in the business. Closed 9 deals in the last 12 months.,0.03675242603171749,0.1672688585330134,0.1305164325012959,0.09363086627117484,0.10237595823297174,0.06250004047538511
L61817000337,lost_cause_parttime,Wei,tier1,13,3,solo,False,0,0,2,cold_list,low,Wei is a licensed agent in a major metro with 13 years in the business. Closed 3 deals in the last 12 months. Sourced from a purchased contact list.,0.01933640344760866,0.10950972678121736,0.0901733233336087,0.12076915771789391,0.11829549236721872,0.08411386982725015
L61817000338,lost_cause_parttime,Priya,tier1,22,0,solo,False,0,0,0,cold_list,low,Priya is a licensed agent in a major metro with 22 years in the business.,0.016808447983020183,0.018066092991331724,0.0012576450083115406,0.0898216084628262,0.11086674407196577,0.0471775377621392
L61817000339,ambiguous_team_member,Marcus,tier3,17,12,team_member,False,0,0,4,cold_list,mid,Marcus is a licensed agent in a smaller market with 17 years in the business. Closed 12 deals in the last 12 months.,0.06903528523977441,0.139374621131729,0.07033933589195458,0.0908785752960201,0.12771624970375678,0.07281126882161068
L61817000340,persuadable_growth,David,tier1,19,13,team_member,False,0,0,11,cold_list,mid,David is a licensed agent with 19 years in the business.,0.019102267238514485,0.10699572753330269,0.0878934602947882,0.1077964999942927,0.10370322863621574,0.088401390410532
L61817000341,ambiguous_team_member,Nina,tier1,7,7,team_member,False,0,0,11,cold_list,mid,Nina is a licensed agent in a major metro with 7 years in the business. Closed 7 deals in the last 12 months. Recently asked about getting started with video for listings. Sourced from a purchased contact list.,0.036791752619637644,0.11868633451909406,0.08189458189945642,0.10325859873080243,0.09149420764087687,0.04308918347701431
L61817000342,persuadable_growth,Chen,tier3,1,13,team_member,False,0,0,18,cold_list,mid,"Chen has been licensed for 1 years, working in a smaller market. Closed 13 deals in the last 12 months. Keeps up an active social media presence. Added from an outreach list.",0.03001872886896524,0.20694989611377357,0.17693116724480834,0.08923390181961498,0.10940468282833153,0.05966889838352607
L61817000343,sure_thing_inbound,Yolanda,tier2,2,9,solo,True,106,3,4,inbound_form,mid,"Yolanda has been licensed for 2 years, working in a mid-size metro. Closed 9 deals in the last 12 months. Mentioned wanting help building out a YouTube presence.",0.3746515661574478,0.3276327324396383,-0.047018833717809516,0.1356795766227547,0.10892809847539442,0.12644947542128784
L61817000344,sure_thing_inbound,Grace,tier1,3,7,solo,False,0,0,13,inbound_form,mid,"Based in a major metro, Grace has 3 years of experience. Has been thinking about trying short-form video content. Keeps up an active social media presence. Reached out directly through our website.",0.25664059822375196,0.29445008575293136,0.0378094875291794,0.13455358912459656,0.07174203330374146,0.08652493999029985
L61817000345,ambiguous_team_member,Carlos,tier2,11,6,team_member,False,0,0,7,webinar,mid,"Carlos has been licensed for 11 years, working in a mid-size metro. Closed 6 deals in the last 12 months.",0.046158503355260075,0.20022206041504548,0.15406355705978542,0.09303404732749816,0.09979526413715495,0.0695614794201422
L61817000346,persuadable_growth,Yolanda,tier3,17,6,solo,False,0,0,11,cold_list,mid,Yolanda is a realtor in a smaller market.,0.031125735305016007,0.19121647314472587,0.16009073783970987,0.11501134464362998,0.0694220849289856,0.13298536655856005
L61817000347,ambiguous_team_member,Tom,tier3,22,7,team_member,False,0,0,10,cold_list,mid,"Based in a smaller market, Tom has 22 years of experience. Has been thinking about trying short-form video content. Added from an outreach list.",0.056913850722811965,0.1517118478391918,0.09479799711637985,0.13526951792348685,0.10051135145187556,0.09173788324364171
L61817000348,persuadable_growth,Aisha,tier3,20,12,solo,False,0,0,19,cold_list,mid,Aisha is a licensed agent in a smaller market with 20 years in the business. Closed 12 deals in the last 12 months. Has some in-house support for producing video content. Posts on Instagram regularly. Sourced from a purchased contact list.,0.024630529029174,0.17804904212337855,0.15341851309420454,0.08045174382206632,0.10742433899775856,0.053988591015986825
L61817000349,sure_thing_inbound,Sofia,tier2,23,11,team_member,False,0,0,5,inbound_form,mid,Sofia is a realtor in a mid-size metro.,0.37496099488333967,0.3631981333928785,-0.011762861490461185,0.14186550621273153,0.10457397210543898,0.0905734985262033
L61817000350,hidden_gem_sparse_bio,David,tier3,6,6,team_member,False,0,0,12,webinar,mid,"David has been licensed for 6 years, working in a smaller market. Closed 6 deals in the last 12 months. Recently asked about getting started with video for listings. Works with an in-house videographer on a regular posting schedule. Keeps up an active social media presence. Signed up after a webinar.",0.03843486762360652,0.1516723826543342,0.11323751503072768,0.12611639876234187,0.09623135625163913,0.07948878724316577
L61817000351,ambiguous_team_member,Wei,tier2,13,7,team_member,False,0,0,5,cold_list,mid,"Wei has been licensed for 13 years, working in a mid-size metro. Closed 7 deals in the last 12 months. Shares listings and updates on social media often.",0.036840755923662996,0.07750346825577623,0.04066271233211323,0.09291569634729067,0.052214792158057216,0.08870968925868837
L61817000352,persuadable_growth,Chen,tier1,24,17,team_member,False,0,0,10,webinar,high,"Chen has been licensed for 24 years, working in a major metro. Closed 17 deals in the last 12 months. Has been thinking about trying short-form video content. Keeps up an active social media presence.",0.03560781597795386,0.1555205859773168,0.11991276999936294,0.07124940031990923,0.11381469496595485,0.1036236247206678
L61817000353,ambiguous_team_member,Aisha,tier1,20,12,team_member,False,0,0,2,cold_list,mid,Aisha is a licensed agent with 20 years in the business.,0.07310216549490307,0.09009494803901257,0.01699278254410949,0.08555379738110118,0.09411633529198059,0.0516186089048932
L61817000354,persuadable_growth,Andre,tier1,11,14,solo,False,0,0,12,cold_list,mid,"Andre has been licensed for 11 years, working in a major metro. Recently asked about getting started with video for listings. Added from an outreach list.",0.03674929619124778,0.19774540592272893,0.16099610973148115,0.13992340751823873,0.12496894571237144,0.038094491366250795
L61817000355,hidden_gem_sparse_bio,Tom,tier1,5,8,solo,False,0,0,14,webinar,mid,"Based in a major metro, Tom has 5 years of experience. Posts on Instagram regularly. Attended one of our marketing webinars.",0.026599557880675362,0.17595283147440266,0.1493532735937273,0.10170326476172264,0.06941631329045292,0.08602890297311493
L61817000356,hidden_gem_sparse_bio,Fatima,tier1,4,9,team_member,False,0,0,13,cold_list,mid,Fatima is a licensed agent in a major metro with 4 years in the business. Closed 9 deals in the last 12 months. Recently asked about getting started with video for listings. Sourced from a purchased contact list.,0.02383922599842829,0.10187666835776372,0.07803744235933543,0.10960513594818228,0.08095576883835354,0.07259591849933629
L61817000357,hidden_gem_sparse_bio,Julia,tier2,12,11,solo,False,0,0,14,cold_list,mid,Julia is a licensed agent in a mid-size metro with 12 years in the business. Closed 11 deals in the last 12 months.,0.023391692320594386,0.13699528948935066,0.11360359716875627,0.048642801780292025,0.06295762749556295,0.09541561846832125
L61817000358,sure_thing_inbound,Kevin,tier2,18,12,solo,False,0,0,13,inbound_form,mid,"Kevin has been licensed for 18 years, working in a mid-size metro. Keeps up an active social media presence.",0.30527686257548237,0.334389609079448,0.029112746503965614,0.130269375933903,0.1458146706790409,0.1095150929142378
L61817000359,hidden_gem_sparse_bio,Maria,tier1,23,18,team_member,False,0,0,5,webinar,high,Realtor based in a major metro.,0.02433046486995373,0.13038338735483546,0.10605292248488173,0.09963755389838666,0.10037428416447657,0.07250964517743977
L61817000360,lost_cause_parttime,Brian,tier2,19,1,solo,False,0,0,0,webinar,low,Brian is a licensed agent with 19 years in the business.,0.023257965153441928,0.005,-0.018257965153441927,0.06873698926646357,0.09406145143316395,0.06410876322666405
L61817000361,do_not_disturb_media_team,Sofia,tier3,16,21,team_lead,True,26288,22,19,cold_list,high,Sofia is a licensed agent in a smaller market with 16 years in the business. Closed 21 deals in the last 12 months. Shares listings and updates on social media often. Added from an outreach list.,0.06624566378958639,0.09730434096614757,0.031058677176561175,0.08290974022803313,0.05038242428618807,0.15722447093906758
L61817000362,sure_thing_inbound,James,tier1,7,3,solo,False,0,0,9,inbound_form,low,"James has been licensed for 7 years, working in a major metro. Reached out directly through our website.",0.31601153416608313,0.36011948757319395,0.04410795340711082,0.10211406432710023,0.12609488168157235,0.09018878007377334
L61817000363,persuadable_growth,Michael,tier1,7,18,solo,False,0,0,9,cold_list,high,Michael is a licensed agent in a major metro with 7 years in the business. Closed 18 deals in the last 12 months. Added from an outreach list.,0.03125428022797207,0.18831283061187226,0.1570585503839002,0.11275935253832298,0.1286079145866309,0.08691193400109382
L61817000364,sure_thing_inbound,Marcus,tier1,23,12,team_member,False,0,0,2,inbound_form,mid,Marcus is a licensed agent in a major metro with 23 years in the business. Reached out directly through our website.,0.2672227161282387,0.2331169158643713,-0.03410580026386742,0.13587294478558176,0.05962403456456708,0.0556083699285245
L61817000365,hidden_gem_sparse_bio,Linda,tier3,20,15,solo,False,0,0,6,cold_list,high,"Based in a smaller market, Linda has 20 years of experience. Mentioned wanting help building out a YouTube presence. Sourced from a purchased contact list.",0.032212046112008876,0.23951342431556297,0.2073013782035541,0.10429296135016489,0.10213126073875504,0.0684847589657222
L61817000366,persuadable_growth,Kevin,tier3,18,13,team_member,False,0,0,8,cold_list,mid,"Based in a smaller market, Kevin has 18 years of experience. Added from an outreach list.",0.029227789290382507,0.2012536358934981,0.1720258466031156,0.14008013947369474,0.08836778085278563,0.08993890023165915
L61817000367,sure_thing_inbound,Nina,tier2,3,9,team_member,False,0,0,2,inbound_form,mid,Nina is a licensed agent in a mid-size metro with 3 years in the business.,0.26708982700776224,0.28102129420646654,0.013931467198704306,0.14851570872857503,0.09584824139249186,0.1043326645632734
L61817000368,sure_thing_inbound,Aisha,tier2,4,8,team_member,False,0,0,12,inbound_form,mid,Aisha is a licensed agent in a mid-size metro with 4 years in the business. Closed 8 deals in the last 12 months. Has been thinking about trying short-form video content. Keeps up an active social media presence.,0.32789589767619215,0.3108960625629353,-0.016999835113256867,0.15849526115389806,0.08789600264125498,0.09381849280118557
L61817000369,do_not_disturb_media_team,Carlos,tier3,4,21,team_lead,True,11560,14,13,webinar,high,Realtor based in a smaller market.,0.12454120573809618,0.11965583640594289,-0.0048853693321532915,0.09080624929116715,0.07238898341151184,0.1435441531169287
L61817000370,persuadable_growth,Andre,tier2,18,17,solo,False,0,0,14,webinar,high,"Andre has been licensed for 18 years, working in a mid-size metro. Closed 17 deals in the last 12 months. Recently asked about getting started with video for listings.",0.027847664674815507,0.2014020032556912,0.17355433858087568,0.13752924982503528,0.11001749293862143,0.08636288221880775
L61817000371,lost_cause_parttime,Nina,tier3,19,0,solo,False,0,0,2,cold_list,low,Nina is a licensed agent in a smaller market with 19 years in the business. Closed 0 deals in the last 12 months. Sourced from a purchased contact list.,0.01967678299589519,0.019514905160545295,-0.00016187783534989467,0.09548758054209174,0.08709591968113485,0.09768237668101075
L61817000372,persuadable_growth,Yolanda,tier3,10,17,team_member,False,0,0,15,cold_list,high,Yolanda is a realtor in a smaller market.,0.03065241391229983,0.19271939886146724,0.1620669849491674,0.08964272016316942,0.10904703717711332,0.08049857553730629
L61817000373,lost_cause_parttime,Brian,tier1,22,2,solo,False,0,0,1,cold_list,low,Brian is a realtor in a major metro.,0.02540676704594193,0.04142988253570659,0.01602311548976466,0.0904515844809151,0.08561157023639043,0.07434905252413844
L61817000374,persuadable_growth,Tom,tier3,1,10,solo,False,0,0,15,cold_list,mid,Tom is a licensed agent with 1 years in the business.,0.02103153243561947,0.12285344521182912,0.10182191277620964,0.10555118674643758,0.05383646941984267,0.056347010081685585
L61817000375,persuadable_growth,Kevin,tier1,11,6,team_member,False,0,0,14,cold_list,mid,"Kevin has been licensed for 11 years, working in a major metro. Closed 6 deals in the last 12 months. Has been thinking about trying short-form video content. Posts on Instagram regularly.",0.03978904017197164,0.1683105824315576,0.12852154225958595,0.10414319401800697,0.11155819835333752,0.03943577338194287
L61817000376,persuadable_growth,James,tier3,4,14,team_member,False,0,0,11,webinar,mid,Realtor based in a smaller market.,0.027766202777843266,0.21678591453511442,0.18901971175727117,0.12732404801046723,0.08298553605826497,0.07910575790599478
L61817000377,hidden_gem_sparse_bio,Andre,tier1,20,6,team_member,False,0,0,15,cold_list,mid,Andre is a licensed agent with 20 years in the business.,0.018193828722862616,0.1705171296413575,0.15232330091849489,0.07723010267790865,0.05496440516408985,0.06685423592756204
L61817000378,hidden_gem_sparse_bio,Julia,tier2,16,13,team_member,False,0,0,4,cold_list,mid,"Julia has been licensed for 16 years, working in a mid-size metro. Closed 13 deals in the last 12 months. Sourced from a purchased contact list.",0.029118402352290487,0.16250220601538687,0.13338380366309638,0.08838002009323406,0.10100151035265596,0.05054066370335458
L61817000379,lost_cause_parttime,Sofia,tier2,7,3,solo,False,0,0,3,webinar,low,Realtor based in a mid-size metro.,0.021850466105716084,0.13795339762719921,0.11610293152148313,0.09345764623805597,0.0853604876152893,0.09352241758490204
L61817000380,persuadable_growth,Aisha,tier2,15,12,team_member,False,0,0,8,cold_list,mid,Aisha is a licensed agent in a mid-size metro with 15 years in the business. Closed 12 deals in the last 12 months. Added from an outreach list.,0.036125986356952855,0.1549927270654777,0.11886674070852485,0.08216539405369766,0.09298521680903603,0.07033340366804172
L61817000381,ambiguous_team_member,Kevin,tier2,24,13,team_member,False,0,0,11,cold_list,mid,"Based in a mid-size metro, Kevin has 24 years of experience. Closed 13 deals in the last 12 months. Added from an outreach list.",0.03122780808065157,0.05468940902930616,0.02346160094865459,0.08584307766556151,0.10737983900853895,0.10028337773402923
L61817000382,sure_thing_inbound,Sofia,tier3,1,5,team_member,False,0,0,7,inbound_form,mid,"Sofia has been licensed for 1 years, working in a smaller market. Has been thinking about trying short-form video content. Filled out our contact form.",0.3117252221422589,0.2854737483889763,-0.026251473753282573,0.13179835843963997,0.13547849232756287,0.042275502828000404
L61817000383,ambiguous_team_member,Marcus,tier2,15,10,team_member,False,0,0,10,cold_list,mid,Marcus is a licensed agent in a mid-size metro with 15 years in the business. Closed 10 deals in the last 12 months.,0.044151709395292976,0.10776760715808116,0.06361589776278818,0.06581630718458814,0.11251920973981583,0.07580161018551639
L61817000384,ambiguous_team_member,Robert,tier2,12,9,team_member,False,0,0,11,cold_list,mid,"Based in a mid-size metro, Robert has 12 years of experience. Closed 9 deals in the last 12 months. Works with an in-house videographer on a regular posting schedule. Posts on Instagram regularly. Added from an outreach list.",0.030227045240701706,0.15844411987067825,0.12821707462997653,0.11696984824887072,0.09839542945643848,0.06285071714141328
L61817000385,ambiguous_team_member,Aisha,tier1,22,9,team_member,False,0,0,6,webinar,mid,"Aisha has been licensed for 22 years, working in a major metro. Closed 9 deals in the last 12 months. Recently asked about getting started with video for listings.",0.03672369561647274,0.11086525100297401,0.07414155538650127,0.10634596002468474,0.05241386209075751,0.04849779916202471
L61817000386,hidden_gem_sparse_bio,Sofia,tier2,14,14,team_member,False,0,0,14,webinar,mid,Sofia is a realtor in a mid-size metro.,0.028690013559615892,0.19556321262259138,0.16687319906297549,0.09176538666416507,0.09272100307825047,0.06182718939752303
L61817000387,do_not_disturb_media_team,Daniel,tier3,23,34,team_lead,True,21933,26,26,webinar,high,Daniel is a licensed agent in a smaller market with 23 years in the business. Closed 34 deals in the last 12 months. The team already runs a YouTube channel with a dedicated media hire. Signed up after a webinar.,0.11064306702503504,0.037882075629421905,-0.07276099139561314,0.0873248886905765,0.07309259006220523,0.1403897735938502
L61817000388,sure_thing_inbound,Michael,tier3,11,19,solo,False,0,0,11,inbound_form,high,"Michael has been licensed for 11 years, working in a smaller market. Keeps up an active social media presence.",0.3132848980676222,0.3935383734655603,0.08025347539793809,0.14473675725512644,0.10306878991513041,0.10896625299824628
L61817000389,do_not_disturb_media_team,Carlos,tier2,2,36,team_lead,True,26051,12,13,cold_list,high,Carlos is a licensed agent in a mid-size metro with 2 years in the business. Closed 36 deals in the last 12 months.,0.10898553826431162,0.07193617044044905,-0.037049367823862575,0.08721507788651767,0.08481080935887543,0.11732449487967672
L61817000390,persuadable_growth,Grace,tier1,11,10,solo,False,0,0,12,cold_list,mid,Grace is a licensed agent in a major metro with 11 years in the business. Added from an outreach list.,0.05391751838645229,0.11452992199447123,0.06061240360801894,0.06998868643757755,0.10390200690467519,0.09447809036728173
L61817000391,hidden_gem_sparse_bio,Andre,tier2,9,6,team_member,False,0,0,5,cold_list,mid,Andre is a licensed agent in a mid-size metro with 9 years in the business. Added from an outreach list.,0.030935098154925823,0.15973986312256822,0.1288047649676424,0.07058271989794843,0.069152705511286,0.07329464087176381
L61817000392,lost_cause_parttime,Tom,tier2,24,2,solo,False,0,0,3,cold_list,low,"Based in a mid-size metro, Tom has 24 years of experience. Closed 2 deals in the last 12 months. Added from an outreach list.",0.026076206438500067,0.011801158857474986,-0.014275047581025081,0.11979179775700693,0.09731340441451619,0.09656263271755905
L61817000393,do_not_disturb_media_team,Julia,tier2,7,23,team_lead,True,15913,8,10,cold_list,high,Julia is a licensed agent in a mid-size metro with 7 years in the business. Closed 23 deals in the last 12 months. Works with an in-house videographer on a regular posting schedule.,0.09780993442497013,0.07819380263405959,-0.01961613179091054,0.10247429837648658,0.0909870013694716,0.15316818224352774
L61817000394,persuadable_growth,David,tier1,6,12,team_member,False,0,0,7,cold_list,mid,"David has been licensed for 6 years, working in a major metro. Closed 12 deals in the last 12 months.",0.039755658032595044,0.21932845610848115,0.1795727980758861,0.06697502805074851,0.11180208910724113,0.0456644466758124
L61817000395,ambiguous_team_member,Aisha,tier3,1,8,team_member,False,0,0,4,webinar,mid,Aisha is a realtor in a smaller market.,0.04878466433026167,0.11632647433568197,0.0675418100054203,0.1147291173756994,0.055036644316102896,0.10884010721113262
L61817000396,hidden_gem_sparse_bio,Tom,tier2,25,11,solo,False,0,0,14,webinar,mid,"Tom has been licensed for 25 years, working in a mid-size metro. Shares listings and updates on social media often. Attended one of our marketing webinars.",0.022892402835070942,0.19045037611005514,0.1675579732749842,0.13721095993245108,0.07879726717492669,0.08093090117217354
L61817000397,persuadable_growth,Grace,tier1,9,18,solo,False,0,0,14,webinar,high,"Grace has been licensed for 9 years, working in a major metro. Attended one of our marketing webinars.",0.03342331434377,0.1718766184570058,0.1384533041132358,0.08836552874734885,0.1307524121302791,0.06643765744881214
L61817000398,ambiguous_team_member,Kevin,tier2,11,10,team_member,False,0,0,10,cold_list,mid,Kevin is a licensed agent in a mid-size metro with 11 years in the business.,0.057663546961797645,0.18208050472083284,0.12441695775903519,0.10730276918738649,0.11374357946727355,0.07451430914463497
L61817000399,persuadable_growth,Nina,tier1,18,15,team_member,False,0,0,10,cold_list,high,Realtor based in a major metro.,0.02213181838062907,0.1908495567990828,0.16871773841845372,0.08875630321633468,0.08121271247461366,0.05565152520032038
